unitid,year,top30private,top30public,schoolname,pehedge,otherfinance
104179,2006,,1,"arizona state system",0,.0909091
104179,2007,,1,"arizona state system",0,.0909091
104179,2008,,1,"arizona state system",0,.0909091
104179,2009,,1,"arizona state system",0,.0909091
104179,2010,,1,"arizona state system",0,0
104179,2011,,1,"arizona state system",0,0
104179,2012,,1,"arizona state system",0,0
104179,2013,,1,"arizona state system",0,0
104179,2014,,1,"arizona state system",0,0
104179,2015,,1,"arizona state system",0,0
104179,2016,,1,"arizona state system",0,0
104179,2017,,1,"arizona state system",0,0
110404,1989,1,,"caltech",.0833333,.1111111
110404,2003,1,,"california institute of technology",.0857143,.0857143
110404,2004,1,,"california institute of technology",.0857143,.0714286
110404,2005,1,,"california institute of technology",.1126761,.084507
110404,2006,1,,"california institute of technology",.131579,.1052632
110404,2007,1,,"california institute of technology",.1466667,.1066667
110404,2008,1,,"california institute of technology",.1466667,.1333333
110404,2009,1,,"california institute of technology",.1282051,.1282051
110404,2010,1,,"california institute of technology",.1153846,.1282051
110404,2011,1,,"california institute of technology",.1265823,.1265823
110404,2012,1,,"california institute of technology",.1578947,.1184211
110404,2013,1,,"california institute of technology",.1707317,.1219512
110404,2014,1,,"california institute of technology",.1728395,.1234568
110404,2015,1,,"california institute of technology",.1785714,.1190476
110404,2016,1,,"california institute of technology",.1704545,.1363636
110404,2017,1,,"california institute of technology",.1724138,.1264368
110635,2003,,1,"university of california system",.1428571,0
110635,2004,,1,"university of california system",.1481481,0
110635,2005,,1,"university of california system",.1538462,.0384615
110635,2006,,1,"university of california system",.1851852,.0740741
110635,2007,,1,"university of california system",.1724138,.1034483
110635,2008,,1,"university of california system",.1111111,.1481481
110635,2009,,1,"university of california system",.1034483,.1034483
110635,2010,,1,"university of california system",.0714286,.1071429
110635,2011,,1,"university of california system",.1071429,.1428571
110635,2012,,1,"university of california system",.1153846,.0769231
110635,2013,,1,"university of california system",.0416667,.0833333
110635,2014,,1,"university of california system",.047619,.1428571
110635,2015,,1,"university of california system",.0344828,.1034483
110635,2016,,1,"university of california system",.037037,.0740741
110635,2017,,1,"university of california system",.037037,.0740741
123961,2003,1,,"university of southern california",.0909091,.1590909
123961,2004,1,,"university of southern california",.0851064,.1702128
123961,2005,1,,"university of southern california",.0869565,.173913
123961,2006,1,,"university of southern california",.1,.2
123961,2007,1,,"university of southern california",.1111111,.1851852
123961,2008,1,,"university of southern california",.1132075,.1886792
123961,2009,1,,"university of southern california",.12,.16
123961,2010,1,,"university of southern california",.1702128,.1489362
123961,2011,1,,"university of southern california",.1372549,.1176471
123961,2012,1,,"university of southern california",.1320755,.1132075
123961,2013,1,,"university of southern california",.125,.1071429
123961,2014,1,,"university of southern california",.125,.1071429
123961,2015,1,,"university of southern california",.0847458,.1355932
123961,2016,1,,"university of southern california",.0877193,.1403509
123961,2017,1,,"university of southern california",.0701754,.1578947
126614,2003,,1,"university of colorado",0,0
126614,2004,,1,"university of colorado",0,0
126614,2005,,1,"university of colorado",0,.1111111
126614,2006,,1,"university of colorado",0,.1111111
126614,2007,,1,"university of colorado",0,.1111111
126614,2008,,1,"university of colorado",0,.1111111
126614,2009,,1,"university of colorado",0,.1111111
126614,2010,,1,"university of colorado",0,.1111111
126614,2011,,1,"university of colorado",0,.1111111
126614,2012,,1,"university of colorado",0,.1111111
126614,2013,,1,"university of colorado",0,.1111111
126614,2014,,1,"university of colorado",0,.1111111
126614,2015,,1,"university of colorado",0,.1111111
126614,2016,,1,"university of colorado",0,.1111111
126614,2017,,1,"university of colorado",0,0
130794,1989,1,,"yale",0,.0666667
130794,2003,1,,"yale university",.2105263,.1052632
130794,2004,1,,"yale university",.2222222,.1111111
130794,2005,1,,"yale university",.2222222,.1111111
130794,2006,1,,"yale university",.1666667,.1666667
130794,2007,1,,"yale university",.1578947,.1052632
130794,2008,1,,"yale university",.1052632,.1052632
130794,2009,1,,"yale university",.1052632,.1052632
130794,2010,1,,"yale university",.1052632,.1052632
130794,2011,1,,"yale university",.1052632,.1052632
130794,2012,1,,"yale university",.1052632,.1052632
130794,2013,1,,"yale university",.0526316,.1052632
130794,2014,1,,"yale university",.0555556,.1111111
130794,2015,1,,"yale university",.0526316,.1578947
130794,2016,1,,"yale university",.0526316,.1578947
130794,2017,1,,"yale university",.1052632,.1578947
131496,1989,1,,"georgetown",.0204082,.1632653
131496,2003,1,,"georgetown university",.0666667,.1777778
131496,2004,1,,"georgetown university",.0952381,.1666667
131496,2005,1,,"georgetown university",.1219512,.1951219
131496,2006,1,,"georgetown university",.125,.275
131496,2007,1,,"georgetown university",.15,.3
131496,2008,1,,"georgetown university",.125,.375
131496,2009,1,,"georgetown university",.15,.4
131496,2010,1,,"georgetown university",.0833333,.4722222
131496,2011,1,,"georgetown university",.0571429,.4
131496,2012,1,,"georgetown university",.0555556,.3055556
131496,2013,1,,"georgetown university",.0555556,.3055556
131496,2014,1,,"georgetown university",.0833333,.2222222
131496,2015,1,,"georgetown university",.0769231,.2564103
131496,2016,1,,"georgetown university",.1052632,.2105263
131496,2017,1,,"georgetown university",.1282051,.1538462
134097,2003,,1,"florida state university",0,0
134097,2004,,1,"florida state university",0,0
134097,2005,,1,"florida state university",0,0
134097,2006,,1,"florida state university",0,0
134097,2007,,1,"florida state university",0,0
134097,2008,,1,"florida state university",0,0
134097,2009,,1,"florida state university",0,0
134097,2010,,1,"florida state university",0,.0769231
134097,2011,,1,"florida state university",0,.2307692
134097,2012,,1,"florida state university",0,.2307692
134097,2013,,1,"florida state university",0,.2307692
134097,2014,,1,"florida state university",0,.2307692
134097,2015,,1,"florida state university",0,.1538462
134097,2016,,1,"florida state university",0,.1538462
134097,2017,,1,"florida state university",0,.0833333
134130,2003,,1,"university of florida",0,.0769231
134130,2004,,1,"university of florida",.0769231,.0769231
134130,2005,,1,"university of florida",.0769231,.0769231
134130,2006,,1,"university of florida",.0769231,.0769231
134130,2007,,1,"university of florida",.0769231,.0769231
134130,2008,,1,"university of florida",.0769231,.0769231
134130,2009,,1,"university of florida",.0769231,.0769231
134130,2010,,1,"university of florida",0,.0769231
134130,2011,,1,"university of florida",0,.0769231
134130,2012,,1,"university of florida",0,0
134130,2013,,1,"university of florida",0,.0769231
134130,2014,,1,"university of florida",0,.0833333
134130,2015,,1,"university of florida",0,0
134130,2016,,1,"university of florida",.0769231,0
134130,2017,,1,"university of florida",.0769231,0
137351,2003,,1,"university of south florida",0,0
137351,2004,,1,"university of south florida",0,0
137351,2005,,1,"university of south florida",0,0
137351,2006,,1,"university of south florida",0,0
137351,2007,,1,"university of south florida",0,0
137351,2008,,1,"university of south florida",0,0
137351,2009,,1,"university of south florida",0,0
137351,2010,,1,"university of south florida",0,.0769231
137351,2011,,1,"university of south florida",0,.1538462
137351,2012,,1,"university of south florida",0,.1538462
137351,2013,,1,"university of south florida",0,.1666667
137351,2014,,1,"university of south florida",0,.1538462
137351,2015,,1,"university of south florida",0,.0769231
137351,2016,,1,"university of south florida",0,.0769231
137351,2017,,1,"university of south florida",0,.0769231
139658,1989,1,,"emory",0,.1290323
139658,2003,1,,"emory university",.0285714,.2
139658,2004,1,,"emory university",.0277778,.1388889
139658,2005,1,,"emory university",.0277778,.1388889
139658,2006,1,,"emory university",.0277778,.1388889
139658,2007,1,,"emory university",.0263158,.131579
139658,2008,1,,"emory university",.0263158,.1052632
139658,2009,1,,"emory university",.0512821,.1025641
139658,2010,1,,"emory university",.075,.1
139658,2011,1,,"emory university",.0731707,.097561
139658,2012,1,,"emory university",.0714286,.0952381
139658,2013,1,,"emory university",.0731707,.0731707
139658,2014,1,,"emory university",.097561,.097561
139658,2015,1,,"emory university",.0930233,.1162791
139658,2016,1,,"emory university",.0930233,.1395349
139658,2017,1,,"emory university",.1,.125
139959,2003,,1,"georgia university system",0,.0588235
139959,2004,,1,"georgia university system",0,.0555556
139959,2005,,1,"georgia university system",.0555556,0
139959,2006,,1,"georgia university system",.0555556,.0555556
139959,2007,,1,"georgia university system",.0625,.0625
139959,2008,,1,"georgia university system",.0555556,.1111111
139959,2009,,1,"georgia university system",.0555556,.1111111
139959,2010,,1,"georgia university system",.0555556,.1666667
139959,2011,,1,"georgia university system",.0555556,.1111111
139959,2012,,1,"georgia university system",.0555556,.1111111
139959,2013,,1,"georgia university system",.0526316,.1052632
139959,2014,,1,"georgia university system",.0526316,.1052632
139959,2015,,1,"georgia university system",.0526316,.1052632
139959,2016,,1,"georgia university system",.0526316,.1052632
139959,2017,,1,"georgia university system",.0526316,.1052632
141574,2003,,1,"university of hawai'i at mānoa",0,.0909091
141574,2004,,1,"university of hawai'i at mānoa",0,.0909091
141574,2005,,1,"university of hawai'i at mānoa",0,.1818182
141574,2006,,1,"university of hawai'i at mānoa",0,.2727273
141574,2007,,1,"university of hawai'i at mānoa",0,.1818182
141574,2008,,1,"university of hawai'i at mānoa",0,.2
141574,2009,,1,"university of hawai'i at mānoa",0,.2142857
141574,2010,,1,"university of hawai'i at mānoa",0,.1333333
141574,2011,,1,"university of hawai'i at mānoa",0,.0666667
141574,2012,,1,"university of hawai'i at mānoa",0,0
141574,2013,,1,"university of hawai'i at mānoa",0,.0714286
141574,2014,,1,"university of hawai'i at mānoa",0,.0666667
141574,2015,,1,"university of hawai'i at mānoa",0,0
141574,2016,,1,"university of hawai'i at mānoa",0,0
141574,2017,,1,"university of hawai'i at mānoa",0,0
144050,1989,1,,"university of chicago",.0285714,.2571429
144050,2003,1,,"university of chicago",.0851064,.3404255
144050,2004,1,,"university of chicago",.1086956,.3478261
144050,2005,1,,"university of chicago",.1020408,.3061225
144050,2006,1,,"university of chicago",.125,.3125
144050,2007,1,,"university of chicago",.1632653,.2857143
144050,2008,1,,"university of chicago",.1875,.2916667
144050,2009,1,,"university of chicago",.1818182,.3181818
144050,2010,1,,"university of chicago",.1914894,.3191489
144050,2011,1,,"university of chicago",.212766,.3191489
144050,2012,1,,"university of chicago",.212766,.3191489
144050,2013,1,,"university of chicago",.2,.32
144050,2014,1,,"university of chicago",.1886792,.3207547
144050,2015,1,,"university of chicago",.2,.3090909
144050,2016,1,,"university of chicago",.1851852,.3148148
144050,2017,1,,"university of chicago",.2156863,.3137255
145637,2003,,1,"university of illinois system",0,0
145637,2004,,1,"university of illinois system",0,0
145637,2005,,1,"university of illinois system",0,0
145637,2006,,1,"university of illinois system",0,0
145637,2007,,1,"university of illinois system",0,0
145637,2008,,1,"university of illinois system",0,0
145637,2009,,1,"university of illinois system",0,0
145637,2010,,1,"university of illinois system",0,0
145637,2011,,1,"university of illinois system",0,0
145637,2012,,1,"university of illinois system",0,0
145637,2013,,1,"university of illinois system",0,0
145637,2014,,1,"university of illinois system",0,0
145637,2015,,1,"university of illinois system",0,.0909091
145637,2016,,1,"university of illinois system",0,.0909091
145637,2017,,1,"university of illinois system",.0909091,.0909091
147767,1989,1,,"northwestern",0,.15625
147767,2003,1,,"northwestern university",.1641791,.1044776
147767,2004,1,,"northwestern university",.2028985,.115942
147767,2005,1,,"northwestern university",.2028985,.115942
147767,2006,1,,"northwestern university",.2432432,.1351351
147767,2007,1,,"northwestern university",.2432432,.1351351
147767,2008,1,,"northwestern university",.2739726,.1369863
147767,2009,1,,"northwestern university",.2739726,.1369863
147767,2010,1,,"northwestern university",.3066667,.1466667
147767,2011,1,,"northwestern university",.3243243,.1081081
147767,2012,1,,"northwestern university",.3421053,.1052632
147767,2013,1,,"northwestern university",.3194444,.1111111
147767,2014,1,,"northwestern university",.3098592,.1267606
147767,2015,1,,"northwestern university",.2857143,.1428571
147767,2016,1,,"northwestern university",.3,.1571429
147767,2017,1,,"northwestern university",.3142857,.1571429
151351,2003,,1,"indiana university system",0,0
151351,2004,,1,"indiana university system",0,0
151351,2005,,1,"indiana university system",0,.1111111
151351,2006,,1,"indiana university system",0,.1111111
151351,2007,,1,"indiana university system",0,.1111111
151351,2008,,1,"indiana university system",.1111111,0
151351,2009,,1,"indiana university system",.1111111,0
151351,2010,,1,"indiana university system",.1111111,0
151351,2011,,1,"indiana university system",0,.1111111
151351,2012,,1,"indiana university system",0,.1111111
151351,2013,,1,"indiana university system",0,.1111111
151351,2014,,1,"indiana university system",0,0
151351,2015,,1,"indiana university system",0,0
151351,2016,,1,"indiana university system",0,0
151351,2017,,1,"indiana university system",0,0
152080,2004,1,,"university of notre dame",.0344828,.0862069
152080,2005,1,,"university of notre dame",.0344828,.0862069
152080,2006,1,,"university of notre dame",.0384615,.0961538
152080,2007,1,,"university of notre dame",.037037,.0925926
152080,2008,1,,"university of notre dame",.0545455,.1272727
152080,2009,1,,"university of notre dame",.0535714,.125
152080,2010,1,,"university of notre dame",.02,.16
152080,2011,1,,"university of notre dame",.0192308,.1730769
152080,2012,1,,"university of notre dame",0,.1702128
152080,2013,1,,"university of notre dame",.0208333,.1458333
152080,2014,1,,"university of notre dame",.04,.14
152080,2015,1,,"university of notre dame",.0625,.0833333
152080,2016,1,,"university of notre dame",.0625,.1041667
152080,2017,1,,"university of notre dame",.08,.1
153658,2003,,1,"university of iowa",0,0
153658,2004,,1,"university of iowa",0,.0909091
153658,2005,,1,"university of iowa",0,.0666667
153658,2006,,1,"university of iowa",0,.0833333
153658,2007,,1,"university of iowa",0,.0769231
153658,2008,,1,"university of iowa",0,.1666667
153658,2009,,1,"university of iowa",0,.1538462
153658,2010,,1,"university of iowa",0,.0909091
153658,2011,,1,"university of iowa",0,.0769231
153658,2012,,1,"university of iowa",0,.1111111
153658,2013,,1,"university of iowa",0,.0714286
153658,2014,,1,"university of iowa",0,0
153658,2015,,1,"university of iowa",0,0
153658,2016,,1,"university of iowa",0,0
153658,2017,,1,"university of iowa",0,0
162928,1989,1,,"johns hopkins",.0327869,.1311475
162928,2003,1,,"johns hopkins university",.0649351,.2337662
162928,2004,1,,"johns hopkins university",.0649351,.2337662
162928,2005,1,,"johns hopkins university",.0694444,.2361111
162928,2006,1,,"johns hopkins university",.0724638,.2463768
162928,2007,1,,"johns hopkins university",.0714286,.2428571
162928,2008,1,,"johns hopkins university",.0735294,.2058824
162928,2009,1,,"johns hopkins university",.1060606,.2121212
162928,2010,1,,"johns hopkins university",.109375,.21875
162928,2011,1,,"johns hopkins university",.1454545,.2
162928,2012,1,,"johns hopkins university",.1454545,.2
162928,2013,1,,"johns hopkins university",.2045455,.1818182
162928,2014,1,,"johns hopkins university",.2142857,.1904762
162928,2015,1,,"johns hopkins university",.2195122,.1951219
162928,2016,1,,"johns hopkins university",.2368421,.2105263
162928,2017,1,,"johns hopkins university",.1621622,.2972973
163286,2003,,1,"maryland university system",0,.0625
163286,2004,,1,"maryland university system",.0588235,0
163286,2005,,1,"maryland university system",.0588235,.0588235
163286,2006,,1,"maryland university system",.125,.0625
163286,2007,,1,"maryland university system",.125,.0625
163286,2008,,1,"maryland university system",.0588235,.1176471
163286,2009,,1,"maryland university system",0,.1176471
163286,2010,,1,"maryland university system",0,.0588235
163286,2011,,1,"maryland university system",0,.0588235
163286,2012,,1,"maryland university system",0,.0588235
163286,2013,,1,"maryland university system",0,.0588235
163286,2014,,1,"maryland university system",0,.0625
163286,2015,,1,"maryland university system",0,.0588235
163286,2016,,1,"maryland university system",.0588235,0
163286,2017,,1,"maryland university system",.0588235,.1176471
164988,2006,1,,"boston university",.1470588,.1470588
164988,2007,1,,"boston university",.1388889,.1944444
164988,2008,1,,"boston university",.1621622,.1621622
164988,2009,1,,"boston university",.1538462,.1538462
164988,2010,1,,"boston university",.1282051,.1538462
164988,2011,1,,"boston university",.1463415,.1463415
164988,2012,1,,"boston university",.1707317,.1219512
164988,2013,1,,"boston university",.175,.125
164988,2014,1,,"boston university",.1951219,.1463415
164988,2015,1,,"boston university",.1707317,.1463415
164988,2016,1,,"boston university",.1951219,.097561
164988,2017,1,,"boston university",.175,.075
165015,1989,1,,"brandeis",.0238095,.0238095
165015,2004,1,,"brandeis university",.0943396,.245283
165015,2005,1,,"brandeis university",.0943396,.245283
165015,2006,1,,"brandeis university",.1086956,.2173913
165015,2007,1,,"brandeis university",.1428571,.1836735
165015,2008,1,,"brandeis university",.1276596,.1914894
165015,2009,1,,"brandeis university",.1333333,.2
165015,2010,1,,"brandeis university",.1590909,.2045455
165015,2011,1,,"brandeis university",.173913,.173913
165015,2012,1,,"brandeis university",.1627907,.2093023
165015,2013,1,,"brandeis university",.1282051,.2820513
165015,2014,1,,"brandeis university",.1190476,.2619048
165015,2015,1,,"brandeis university",.075,.275
165015,2016,1,,"brandeis university",.0769231,.2564103
165015,2017,1,,"brandeis university",.0810811,.1891892
166027,1989,1,,"harvard",0,0
166027,2003,1,,"harvard university",0,.1428571
166027,2004,1,,"harvard university",.1428571,.1428571
166027,2005,1,,"harvard university",.1666667,.1666667
166027,2006,1,,"harvard university",.1428571,.1428571
166027,2007,1,,"harvard university",.1428571,.1428571
166027,2008,1,,"harvard university",.1428571,.1428571
166027,2009,1,,"harvard university",.1428571,.1428571
166027,2010,1,,"harvard university",.125,.125
166027,2011,1,,"harvard university",.1,.1
166027,2012,1,,"harvard university",.1818182,.0909091
166027,2013,1,,"harvard university",.2307692,.0769231
166027,2014,1,,"harvard university",.2142857,.1428571
166027,2015,1,,"harvard university",.1666667,.0833333
166027,2016,1,,"harvard university",.1538462,.0769231
166027,2017,1,,"harvard university",.1538462,.0769231
166629,2003,,1,"university of massachusetts amherst",0,.2105263
166629,2004,,1,"university of massachusetts amherst",0,.2105263
166629,2005,,1,"university of massachusetts amherst",0,.2105263
166629,2006,,1,"university of massachusetts amherst",.0526316,.1578947
166629,2007,,1,"university of massachusetts amherst",.0526316,.1052632
166629,2008,,1,"university of massachusetts amherst",.0526316,.0526316
166629,2009,,1,"university of massachusetts amherst",.0555556,.0555556
166629,2010,,1,"university of massachusetts amherst",.0526316,.1052632
166629,2011,,1,"university of massachusetts amherst",.0526316,.1052632
166629,2012,,1,"university of massachusetts amherst",.0526316,.0526316
166629,2013,,1,"university of massachusetts amherst",.0526316,.0526316
166629,2014,,1,"university of massachusetts amherst",.0588235,.0588235
166629,2015,,1,"university of massachusetts amherst",.0526316,.0526316
166629,2016,,1,"university of massachusetts amherst",0,.1052632
166629,2017,,1,"university of massachusetts amherst",0,.1052632
166683,1989,1,,"mit",.0606061,.1363636
166683,2003,1,,"massachusetts institute of technology",.1830986,.1126761
166683,2004,1,,"massachusetts institute of technology",.1666667,.125
166683,2005,1,,"massachusetts institute of technology",.1506849,.1232877
166683,2006,1,,"massachusetts institute of technology",.1527778,.1111111
166683,2007,1,,"massachusetts institute of technology",.1527778,.125
166683,2008,1,,"massachusetts institute of technology",.1857143,.1285714
166683,2009,1,,"massachusetts institute of technology",.1621622,.1351351
166683,2010,1,,"massachusetts institute of technology",.1733333,.1466667
166683,2011,1,,"massachusetts institute of technology",.1621622,.1486486
166683,2012,1,,"massachusetts institute of technology",.1388889,.1666667
166683,2013,1,,"massachusetts institute of technology",.1408451,.1549296
166683,2014,1,,"massachusetts institute of technology",.1466667,.16
166683,2015,1,,"massachusetts institute of technology",.1447368,.1447368
166683,2016,1,,"massachusetts institute of technology",.1527778,.1666667
166683,2017,1,,"massachusetts institute of technology",.1470588,.1617647
167358,2003,1,,"northeastern university",.125,.15
167358,2004,1,,"northeastern university",.15,.15
167358,2005,1,,"northeastern university",.1219512,.1463415
167358,2006,1,,"northeastern university",.1219512,.1463415
167358,2007,1,,"northeastern university",.1081081,.1621622
167358,2008,1,,"northeastern university",.0967742,.1612903
167358,2009,1,,"northeastern university",.1481481,.1481481
167358,2010,1,,"northeastern university",.08,.16
167358,2011,1,,"northeastern university",.1111111,.1481481
167358,2012,1,,"northeastern university",.1153846,.1923077
167358,2013,1,,"northeastern university",.1034483,.1724138
167358,2014,1,,"northeastern university",.1290323,.1612903
167358,2015,1,,"northeastern university",.1111111,.1666667
167358,2016,1,,"northeastern university",.1794872,.1282051
167358,2017,1,,"northeastern university",.175,.15
168148,2003,1,,"tufts university",.0833333,.1111111
168148,2004,1,,"tufts university",.0833333,.0555556
168148,2005,1,,"tufts university",.1025641,.0512821
168148,2006,1,,"tufts university",.1025641,.0769231
168148,2007,1,,"tufts university",.1,.1
168148,2008,1,,"tufts university",.097561,.097561
168148,2009,1,,"tufts university",.097561,.097561
168148,2010,1,,"tufts university",.131579,.1578947
168148,2011,1,,"tufts university",.1282051,.2307692
168148,2012,1,,"tufts university",.1219512,.2439024
168148,2013,1,,"tufts university",.1219512,.2195122
168148,2014,1,,"tufts university",.1052632,.2631579
168148,2015,1,,"tufts university",.125,.25
168148,2016,1,,"tufts university",.1463415,.2439024
168148,2017,1,,"tufts university",.15,.25
170976,2003,,1,"university of michigan system",0,0
170976,2004,,1,"university of michigan system",0,0
170976,2005,,1,"university of michigan system",0,0
170976,2006,,1,"university of michigan system",0,0
170976,2007,,1,"university of michigan system",0,0
170976,2008,,1,"university of michigan system",0,0
170976,2009,,1,"university of michigan system",0,0
170976,2010,,1,"university of michigan system",0,0
170976,2011,,1,"university of michigan system",0,0
170976,2012,,1,"university of michigan system",0,0
170976,2013,,1,"university of michigan system",0,0
170976,2014,,1,"university of michigan system",0,0
170976,2015,,1,"university of michigan system",0,0
170976,2016,,1,"university of michigan system",0,0
170976,2017,,1,"university of michigan system",0,0
171100,2003,,1,"michigan state university",.125,.125
171100,2004,,1,"michigan state university",0,.125
171100,2005,,1,"michigan state university",0,.125
171100,2006,,1,"michigan state university",0,.125
171100,2007,,1,"michigan state university",0,0
171100,2008,,1,"michigan state university",0,0
171100,2009,,1,"michigan state university",0,0
171100,2010,,1,"michigan state university",0,0
171100,2011,,1,"michigan state university",0,.125
171100,2012,,1,"michigan state university",0,.125
171100,2013,,1,"michigan state university",0,.25
171100,2014,,1,"michigan state university",0,.25
171100,2015,,1,"michigan state university",0,.25
171100,2016,,1,"michigan state university",0,.25
171100,2017,,1,"michigan state university",0,.25
174066,2003,,1,"university of minnesota",0,0
174066,2004,,1,"university of minnesota",0,0
174066,2005,,1,"university of minnesota",0,0
174066,2006,,1,"university of minnesota",0,0
174066,2007,,1,"university of minnesota",0,0
174066,2008,,1,"university of minnesota",0,0
174066,2009,,1,"university of minnesota",0,.0833333
174066,2010,,1,"university of minnesota",0,.0833333
174066,2011,,1,"university of minnesota",0,.0833333
174066,2012,,1,"university of minnesota",0,.0833333
174066,2013,,1,"university of minnesota",0,.0833333
174066,2014,,1,"university of minnesota",0,.0833333
174066,2015,,1,"university of minnesota",0,.0833333
174066,2016,,1,"university of minnesota",0,.0833333
174066,2017,,1,"university of minnesota",0,.0833333
179867,1989,1,,"washington university",.02,.18
179867,2003,1,,"washington university in st louis",.0833333,.2166667
179867,2004,1,,"washington university in st louis",.0677966,.220339
179867,2005,1,,"washington university in st louis",.0677966,.220339
179867,2006,1,,"washington university in st louis",.0862069,.2413793
179867,2007,1,,"washington university in st louis",.1052632,.2105263
179867,2008,1,,"washington university in st louis",.1016949,.1864407
179867,2009,1,,"washington university in st louis",.0862069,.1896552
179867,2010,1,,"washington university in st louis",.0862069,.1896552
179867,2011,1,,"washington university in st louis",.1129032,.2258064
179867,2012,1,,"washington university in st louis",.1129032,.2258064
179867,2013,1,,"washington university in st louis",.1639344,.1803279
179867,2014,1,,"washington university in st louis",.1639344,.1803279
179867,2015,1,,"washington university in st louis",.1355932,.1694915
179867,2016,1,,"washington university in st louis",.1333333,.1833333
179867,2017,1,,"washington university in st louis",.1639344,.2131148
182670,1989,1,,"dartmouth",0,.1333333
182670,2003,1,,"dartmouth college",.1875,.125
182670,2004,1,,"dartmouth college",.1875,.1875
182670,2005,1,,"dartmouth college",.1764706,.1764706
182670,2006,1,,"dartmouth college",.1666667,.1666667
182670,2007,1,,"dartmouth college",.1666667,.1666667
182670,2008,1,,"dartmouth college",.2222222,.1666667
182670,2009,1,,"dartmouth college",.173913,.2173913
182670,2010,1,,"dartmouth college",.1363636,.2272727
182670,2011,1,,"dartmouth college",.1363636,.2272727
182670,2012,1,,"dartmouth college",.16,.2
182670,2013,1,,"dartmouth college",.2692308,.1153846
182670,2014,1,,"dartmouth college",.2692308,.1153846
182670,2015,1,,"dartmouth college",.2692308,.1153846
182670,2016,1,,"dartmouth college",.2592593,.1481481
182670,2017,1,,"dartmouth college",.28,.08
186131,1989,1,,"princeton",.0526316,.1842105
186131,2003,1,,"princeton university",.1,.125
186131,2004,1,,"princeton university",.1,.1
186131,2005,1,,"princeton university",.1,.15
186131,2006,1,,"princeton university",.075,.2
186131,2007,1,,"princeton university",.075,.225
186131,2008,1,,"princeton university",.075,.225
186131,2009,1,,"princeton university",.1,.225
186131,2010,1,,"princeton university",.1025641,.1794872
186131,2011,1,,"princeton university",.1,.125
186131,2012,1,,"princeton university",.1282051,.1282051
186131,2013,1,,"princeton university",.1794872,.0769231
186131,2014,1,,"princeton university",.1891892,.1081081
186131,2015,1,,"princeton university",.1794872,.1538462
186131,2016,1,,"princeton university",.1794872,.1794872
186131,2017,1,,"princeton university",.2,.175
186380,2003,,1,"rutgers, the state university of new jersey",0,.2727273
186380,2004,,1,"rutgers, the state university of new jersey",0,.2727273
186380,2005,,1,"rutgers, the state university of new jersey",0,.3636364
186380,2006,,1,"rutgers, the state university of new jersey",0,.4545455
186380,2007,,1,"rutgers, the state university of new jersey",0,.4545455
186380,2008,,1,"rutgers, the state university of new jersey",0,.4545455
186380,2009,,1,"rutgers, the state university of new jersey",0,.2727273
186380,2010,,1,"rutgers, the state university of new jersey",0,.1818182
186380,2011,,1,"rutgers, the state university of new jersey",0,.0909091
186380,2012,,1,"rutgers, the state university of new jersey",0,.0909091
186380,2013,,1,"rutgers, the state university of new jersey",0,.1818182
186380,2014,,1,"rutgers, the state university of new jersey",0,.2
186380,2015,,1,"rutgers, the state university of new jersey",0,.2
186380,2016,,1,"rutgers, the state university of new jersey",0,.2
186380,2017,,1,"rutgers, the state university of new jersey",0,.2666667
190150,1989,1,,"columbia",.0952381,0
190150,2003,1,,"columbia university",.0526316,.3157895
190150,2004,1,,"columbia university",.0909091,.3636364
190150,2005,1,,"columbia university",.0909091,.3636364
190150,2006,1,,"columbia university",.1363636,.4090909
190150,2007,1,,"columbia university",.1363636,.3181818
190150,2008,1,,"columbia university",.125,.2916667
190150,2009,1,,"columbia university",.0869565,.3043478
190150,2010,1,,"columbia university",.1304348,.3043478
190150,2011,1,,"columbia university",.125,.2916667
190150,2012,1,,"columbia university",.1304348,.3043478
190150,2013,1,,"columbia university",.1666667,.2916667
190150,2014,1,,"columbia university",.2083333,.25
190150,2015,1,,"columbia university",.2083333,.25
190150,2016,1,,"columbia university",.2083333,.25
190150,2017,1,,"columbia university",.2083333,.25
190415,1989,1,,"cornell",.0769231,.1538462
190415,2003,1,,"cornell university",.09375,.171875
190415,2004,1,,"cornell university",.078125,.1875
190415,2005,1,,"cornell university",.125,.1875
190415,2006,1,,"cornell university",.125,.171875
190415,2007,1,,"cornell university",.140625,.15625
190415,2008,1,,"cornell university",.1746032,.1587302
190415,2009,1,,"cornell university",.140625,.171875
190415,2010,1,,"cornell university",.109375,.15625
190415,2011,1,,"cornell university",.125,.15625
190415,2012,1,,"cornell university",.125,.15625
190415,2013,1,,"cornell university",.1875,.140625
190415,2014,1,,"cornell university",.1875,.140625
190415,2015,1,,"cornell university",.171875,.15625
190415,2016,1,,"cornell university",.171875,.171875
190415,2017,1,,"cornell university",.1875,.15625
193900,1989,1,,"nyu",0,.2972973
193900,2003,1,,"new york university",.1206897,.2931035
193900,2004,1,,"new york university",.1296296,.2777778
193900,2005,1,,"new york university",.1568628,.3137255
193900,2006,1,,"new york university",.1632653,.3469388
193900,2007,1,,"new york university",.1956522,.3043478
193900,2008,1,,"new york university",.173913,.3043478
193900,2009,1,,"new york university",.1521739,.2391304
193900,2010,1,,"new york university",.1428571,.244898
193900,2011,1,,"new york university",.1818182,.2545455
193900,2012,1,,"new york university",.25,.2333333
193900,2013,1,,"new york university",.2419355,.2258064
193900,2014,1,,"new york university",.2307692,.2307692
193900,2015,1,,"new york university",.234375,.21875
193900,2016,1,,"new york university",.234375,.25
193900,2017,1,,"new york university",.1875,.234375
195030,2003,1,,"university of rochester",.1351351,.1891892
195030,2004,1,,"university of rochester",.131579,.1842105
195030,2005,1,,"university of rochester",.1351351,.1351351
195030,2006,1,,"university of rochester",.1666667,.1666667
195030,2007,1,,"university of rochester",.1190476,.1428571
195030,2008,1,,"university of rochester",.1136364,.1136364
195030,2009,1,,"university of rochester",.1136364,.1136364
195030,2010,1,,"university of rochester",.1086956,.1086956
195030,2011,1,,"university of rochester",.1041667,.1041667
195030,2012,1,,"university of rochester",.1,.1
195030,2013,1,,"university of rochester",.1020408,.0816327
195030,2014,1,,"university of rochester",.1,.08
195030,2015,1,,"university of rochester",.1,.08
195030,2016,1,,"university of rochester",.0980392,.0784314
195030,2017,1,,"university of rochester",.14,.1
196097,2003,,1,"state university of new york buffalo",0,.0714286
196097,2004,,1,"state university of new york buffalo",0,.0666667
196097,2005,,1,"state university of new york buffalo",0,.0666667
196097,2006,,1,"state university of new york buffalo",0,.0588235
196097,2007,,1,"state university of new york buffalo",0,.0588235
196097,2008,,1,"state university of new york buffalo",0,.0588235
196097,2009,,1,"state university of new york buffalo",0,0
196097,2010,,1,"state university of new york buffalo",0,0
196097,2011,,1,"state university of new york buffalo",0,0
196097,2012,,1,"state university of new york buffalo",0,0
196097,2013,,1,"state university of new york buffalo",0,.0625
196097,2014,,1,"state university of new york buffalo",0,.0769231
196097,2015,,1,"state university of new york buffalo",0,.0714286
196097,2016,,1,"state university of new york buffalo",0,.0714286
196097,2017,,1,"state university of new york buffalo",0,.0666667
198419,1989,1,,"duke",0,.0833333
198419,2003,1,,"duke university",0,.1388889
198419,2004,1,,"duke university",.027027,.1351351
198419,2005,1,,"duke university",.0285714,.1428571
198419,2006,1,,"duke university",.0540541,.1351351
198419,2007,1,,"duke university",.0540541,.1351351
198419,2008,1,,"duke university",.0810811,.1621622
198419,2009,1,,"duke university",.0810811,.1891892
198419,2010,1,,"duke university",.0833333,.1666667
198419,2011,1,,"duke university",.0833333,.1944444
198419,2012,1,,"duke university",.0833333,.1666667
198419,2013,1,,"duke university",.0833333,.1666667
198419,2014,1,,"duke university",.1666667,.1944444
198419,2015,1,,"duke university",.1891892,.1891892
198419,2016,1,,"duke university",.1891892,.1621622
198419,2017,1,,"duke university",.1621622,.1621622
199120,2003,,1,"university of north carolina system",.030303,.1818182
199120,2004,,1,"university of north carolina system",.030303,.1212121
199120,2005,,1,"university of north carolina system",.030303,.1515152
199120,2006,,1,"university of north carolina system",.030303,.1515152
199120,2007,,1,"university of north carolina system",.030303,.1515152
199120,2008,,1,"university of north carolina system",0,.0909091
199120,2009,,1,"university of north carolina system",0,0
199120,2010,,1,"university of north carolina system",0,0
199120,2011,,1,"university of north carolina system",0,0
199120,2012,,1,"university of north carolina system",0,.030303
199120,2013,,1,"university of north carolina system",0,.0322581
199120,2014,,1,"university of north carolina system",0,.09375
199120,2015,,1,"university of north carolina system",0,.1212121
199120,2016,,1,"university of north carolina system",0,.09375
199120,2017,,1,"university of north carolina system",0,.0625
201645,2003,1,,"case western reserve university",.0666667,.1333333
201645,2004,1,,"case western reserve university",.0697674,.1162791
201645,2005,1,,"case western reserve university",.0666667,.1333333
201645,2006,1,,"case western reserve university",.0833333,.1111111
201645,2007,1,,"case western reserve university",.0789474,.1052632
201645,2008,1,,"case western reserve university",.0769231,.1025641
201645,2009,1,,"case western reserve university",.0769231,.1025641
201645,2010,1,,"case western reserve university",.0888889,.0888889
201645,2011,1,,"case western reserve university",.0888889,.0888889
201645,2012,1,,"case western reserve university",.0888889,.0888889
201645,2013,1,,"case western reserve university",.1086956,.1086956
201645,2014,1,,"case western reserve university",.1086956,.1086956
201645,2015,1,,"case western reserve university",.1136364,.0681818
201645,2016,1,,"case western reserve university",.1190476,.0714286
201645,2017,1,,"case western reserve university",.1463415,.0731707
201885,2003,,1,"university of cincinnati",0,.4444444
201885,2004,,1,"university of cincinnati",0,.3333333
201885,2005,,1,"university of cincinnati",0,.3333333
201885,2006,,1,"university of cincinnati",0,.2222222
201885,2007,,1,"university of cincinnati",0,.2222222
201885,2008,,1,"university of cincinnati",0,.1111111
201885,2009,,1,"university of cincinnati",0,.1111111
201885,2010,,1,"university of cincinnati",0,.1111111
201885,2011,,1,"university of cincinnati",0,.1111111
201885,2012,,1,"university of cincinnati",0,0
201885,2013,,1,"university of cincinnati",0,.1111111
201885,2014,,1,"university of cincinnati",0,.1111111
201885,2015,,1,"university of cincinnati",0,.1111111
201885,2016,,1,"university of cincinnati",0,.2222222
201885,2017,,1,"university of cincinnati",0,.2222222
204796,2003,,1,"ohio state university",0,.1111111
204796,2004,,1,"ohio state university",0,.1111111
204796,2005,,1,"ohio state university",0,0
204796,2006,,1,"ohio state university",0,0
204796,2007,,1,"ohio state university",0,0
204796,2008,,1,"ohio state university",0,0
204796,2009,,1,"ohio state university",0,0
204796,2010,,1,"ohio state university",0,.0666667
204796,2011,,1,"ohio state university",0,.0666667
204796,2012,,1,"ohio state university",0,.0666667
204796,2013,,1,"ohio state university",0,.0666667
204796,2014,,1,"ohio state university",0,.1333333
204796,2015,,1,"ohio state university",0,.2
204796,2016,,1,"ohio state university",0,.2307692
204796,2017,,1,"ohio state university",0,.2
211440,2003,1,,"carnegie mellon university",.0727273,.1818182
211440,2004,1,,"carnegie mellon university",.0727273,.1818182
211440,2005,1,,"carnegie mellon university",.08,.18
211440,2006,1,,"carnegie mellon university",.0806452,.1290323
211440,2007,1,,"carnegie mellon university",.0806452,.1290323
211440,2008,1,,"carnegie mellon university",.0806452,.0967742
211440,2009,1,,"carnegie mellon university",.0689655,.1206897
211440,2010,1,,"carnegie mellon university",.0689655,.1206897
211440,2011,1,,"carnegie mellon university",.0793651,.1428571
211440,2012,1,,"carnegie mellon university",.115942,.115942
211440,2013,1,,"carnegie mellon university",.1323529,.0735294
211440,2014,1,,"carnegie mellon university",.1323529,.0735294
211440,2015,1,,"carnegie mellon university",.1212121,.0606061
211440,2016,1,,"carnegie mellon university",.1403509,.0350877
211440,2017,1,,"carnegie mellon university",.1538462,.0384615
214777,2003,,1,"pennsylvania state university",0,.1
214777,2004,,1,"pennsylvania state university",0,.1666667
214777,2005,,1,"pennsylvania state university",0,.1666667
214777,2006,,1,"pennsylvania state university",0,.1666667
214777,2007,,1,"pennsylvania state university",0,.1666667
214777,2008,,1,"pennsylvania state university",.0333333,.1666667
214777,2009,,1,"pennsylvania state university",.0333333,.1666667
214777,2010,,1,"pennsylvania state university",.0333333,.1333333
214777,2011,,1,"pennsylvania state university",.0333333,.1333333
214777,2012,,1,"pennsylvania state university",.0344828,.137931
214777,2013,,1,"pennsylvania state university",.0357143,.1785714
214777,2014,,1,"pennsylvania state university",.0384615,.2307692
214777,2015,,1,"pennsylvania state university",.0333333,.1666667
214777,2016,,1,"pennsylvania state university",.0555556,.1111111
214777,2017,,1,"pennsylvania state university",.0555556,.1388889
215062,1989,1,,"university of pennsylvania",.0652174,.1956522
215062,2003,1,,"university of pennsylvania",.1694915,.2711864
215062,2004,1,,"university of pennsylvania",.2068966,.2586207
215062,2005,1,,"university of pennsylvania",.1896552,.2931035
215062,2006,1,,"university of pennsylvania",.2264151,.3207547
215062,2007,1,,"university of pennsylvania",.2321429,.3035714
215062,2008,1,,"university of pennsylvania",.2982456,.2982456
215062,2009,1,,"university of pennsylvania",.2909091,.3090909
215062,2010,1,,"university of pennsylvania",.3508772,.245614
215062,2011,1,,"university of pennsylvania",.3508772,.2280702
215062,2012,1,,"university of pennsylvania",.3392857,.2321429
215062,2013,1,,"university of pennsylvania",.3220339,.2372881
215062,2014,1,,"university of pennsylvania",.3157895,.2280702
215062,2015,1,,"university of pennsylvania",.3050847,.2542373
215062,2016,1,,"university of pennsylvania",.3333333,.2631579
215062,2017,1,,"university of pennsylvania",.3928571,.2142857
217156,1989,1,,"brown",0,.1698113
217156,2008,1,,"brown university",.2692308,.1346154
217156,2009,1,,"brown university",.2692308,.1346154
217156,2010,1,,"brown university",.2884615,.1730769
217156,2011,1,,"brown university",.3076923,.1923077
217156,2012,1,,"brown university",.3333333,.1851852
217156,2013,1,,"brown university",.3461539,.1538462
217156,2014,1,,"brown university",.3653846,.1538462
217156,2015,1,,"brown university",.3207547,.1509434
217156,2016,1,,"brown university",.2368421,.1842105
217156,2017,1,,"brown university",.2307692,.1923077
221999,1989,1,,"vanderbilt",.0178571,.1607143
221999,2003,1,,"vanderbilt university",.0681818,.1818182
221999,2004,1,,"vanderbilt university",.0681818,.1818182
221999,2005,1,,"vanderbilt university",.0681818,.1818182
221999,2006,1,,"vanderbilt university",.0666667,.2
221999,2007,1,,"vanderbilt university",.0681818,.2045455
221999,2008,1,,"vanderbilt university",.0444444,.2
221999,2009,1,,"vanderbilt university",.0487805,.1951219
221999,2010,1,,"vanderbilt university",.0789474,.1578947
221999,2011,1,,"vanderbilt university",.1282051,.1794872
221999,2012,1,,"vanderbilt university",.1714286,.2
221999,2013,1,,"vanderbilt university",.2424242,.2121212
221999,2014,1,,"vanderbilt university",.2121212,.1818182
221999,2015,1,,"vanderbilt university",.2647059,.1470588
221999,2016,1,,"vanderbilt university",.2692308,.0769231
221999,2017,1,,"vanderbilt university",.2413793,.137931
227757,1989,1,,"rice",.1052632,.1578947
227757,2003,1,,"rice university",.12,.2
227757,2004,1,,"rice university",.12,.2
227757,2005,1,,"rice university",.08,.2
227757,2006,1,,"rice university",.0833333,.2083333
227757,2007,1,,"rice university",.0769231,.1538462
227757,2008,1,,"rice university",.08,.16
227757,2009,1,,"rice university",.1666667,.1666667
227757,2010,1,,"rice university",.1666667,.2083333
227757,2011,1,,"rice university",.25,.1666667
227757,2012,1,,"rice university",.24,.16
227757,2013,1,,"rice university",.1666667,.1666667
227757,2014,1,,"rice university",.125,.125
227757,2015,1,,"rice university",.1538462,.1153846
227757,2016,1,,"rice university",.12,.12
227757,2017,1,,"rice university",.16,.12
228723,2003,,1,"texas a&m university",0,0
228723,2004,,1,"texas a&m university",0,0
228723,2005,,1,"texas a&m university",0,0
228723,2006,,1,"texas a&m university",0,0
228723,2007,,1,"texas a&m university",0,0
228723,2008,,1,"texas a&m university",.1,0
228723,2009,,1,"texas a&m university",.1,0
228723,2010,,1,"texas a&m university",.1,0
228723,2011,,1,"texas a&m university",.1,0
228723,2012,,1,"texas a&m university",.1,0
228723,2013,,1,"texas a&m university",.1,0
228723,2014,,1,"texas a&m university",0,0
228723,2015,,1,"texas a&m university",0,.1
228723,2016,,1,"texas a&m university",0,.1
228723,2017,,1,"texas a&m university",0,.1
228778,2003,,1,"university of texas system",.1111111,.5555556
228778,2004,,1,"university of texas system",0,.5555556
228778,2005,,1,"university of texas system",0,.4444444
228778,2006,,1,"university of texas system",0,.3
228778,2007,,1,"university of texas system",0,.3
228778,2008,,1,"university of texas system",0,.2
228778,2009,,1,"university of texas system",.1,.1
228778,2010,,1,"university of texas system",.1,.1
228778,2011,,1,"university of texas system",.1,0
228778,2012,,1,"university of texas system",.1,0
228778,2013,,1,"university of texas system",.1,0
228778,2014,,1,"university of texas system",.1111111,0
228778,2015,,1,"university of texas system",.1,0
228778,2016,,1,"university of texas system",.1,0
228778,2017,,1,"university of texas system",.2,0
230764,2003,,1,"university of utah",0,.1
230764,2004,,1,"university of utah",0,.1
230764,2005,,1,"university of utah",0,.1
230764,2006,,1,"university of utah",0,0
230764,2007,,1,"university of utah",0,0
230764,2008,,1,"university of utah",0,0
230764,2009,,1,"university of utah",0,0
230764,2010,,1,"university of utah",0,.1
230764,2011,,1,"university of utah",0,.0909091
230764,2012,,1,"university of utah",0,.0909091
230764,2013,,1,"university of utah",0,.0909091
230764,2014,,1,"university of utah",0,.1
230764,2015,,1,"university of utah",0,.0909091
230764,2016,,1,"university of utah",0,.1
230764,2017,,1,"university of utah",.1,.1
234076,2003,,1,"university of virginia system",0,.1875
234076,2004,,1,"university of virginia system",0,.125
234076,2005,,1,"university of virginia system",0,.0625
234076,2006,,1,"university of virginia system",0,.125
234076,2007,,1,"university of virginia system",0,0
234076,2008,,1,"university of virginia system",0,0
234076,2009,,1,"university of virginia system",0,0
234076,2010,,1,"university of virginia system",.0625,0
234076,2011,,1,"university of virginia system",.0588235,.0588235
234076,2012,,1,"university of virginia system",.0588235,.0588235
234076,2013,,1,"university of virginia system",0,0
234076,2014,,1,"university of virginia system",.0588235,.0588235
234076,2015,,1,"university of virginia system",.0588235,.1176471
234076,2016,,1,"university of virginia system",.1176471,.1764706
234076,2017,,1,"university of virginia system",.1764706,.1764706
236948,2003,,1,"university of washington system",0,0
236948,2004,,1,"university of washington system",0,0
236948,2005,,1,"university of washington system",0,0
236948,2006,,1,"university of washington system",0,0
236948,2007,,1,"university of washington system",0,0
236948,2008,,1,"university of washington system",0,0
236948,2009,,1,"university of washington system",0,0
236948,2010,,1,"university of washington system",0,0
236948,2011,,1,"university of washington system",0,0
236948,2012,,1,"university of washington system",0,0
236948,2013,,1,"university of washington system",0,0
236948,2014,,1,"university of washington system",0,0
236948,2015,,1,"university of washington system",0,0
236948,2016,,1,"university of washington system",0,0
236948,2017,,1,"university of washington system",0,0
240444,2003,,1,"university of wisconsin system",0,.0555556
240444,2004,,1,"university of wisconsin system",0,0
240444,2005,,1,"university of wisconsin system",0,0
240444,2006,,1,"university of wisconsin system",0,0
240444,2007,,1,"university of wisconsin system",0,0
240444,2008,,1,"university of wisconsin system",0,.0555556
240444,2009,,1,"university of wisconsin system",0,.0555556
240444,2010,,1,"university of wisconsin system",0,.0555556
240444,2011,,1,"university of wisconsin system",0,.0555556
240444,2012,,1,"university of wisconsin system",0,.0555556
240444,2013,,1,"university of wisconsin system",0,.0555556
240444,2014,,1,"university of wisconsin system",0,.0625
240444,2015,,1,"university of wisconsin system",0,.0555556
240444,2016,,1,"university of wisconsin system",0,0
240444,2017,,1,"university of wisconsin system",0,.0555556
243744,1989,1,,"stanford",.0333333,.1
243744,2003,1,,"stanford university",.1470588,.2647059
243744,2004,1,,"stanford university",.2,.2285714
243744,2005,1,,"stanford university",.2121212,.2424242
243744,2006,1,,"stanford university",.1764706,.1764706
243744,2007,1,,"stanford university",.2121212,.1818182
243744,2008,1,,"stanford university",.2666667,.1666667
243744,2009,1,,"stanford university",.2903226,.1612903
243744,2010,1,,"stanford university",.34375,.15625
243744,2011,1,,"stanford university",.3225806,.1935484
243744,2012,1,,"stanford university",.3125,.15625
243744,2013,1,,"stanford university",.3030303,.1515152
243744,2014,1,,"stanford university",.3142857,.2
243744,2015,1,,"stanford university",.2894737,.2368421
243744,2016,1,,"stanford university",.3055556,.2222222
243744,2017,1,,"stanford university",.2727273,.2424242
243780,2003,,1,"purdue university west lafayette",0,0
243780,2004,,1,"purdue university west lafayette",0,0
243780,2005,,1,"purdue university west lafayette",0,0
243780,2006,,1,"purdue university west lafayette",0,0
243780,2007,,1,"purdue university west lafayette",0,0
243780,2008,,1,"purdue university west lafayette",0,0
243780,2009,,1,"purdue university west lafayette",0,0
243780,2010,,1,"purdue university west lafayette",0,0
243780,2011,,1,"purdue university west lafayette",0,0
243780,2012,,1,"purdue university west lafayette",0,0
243780,2013,,1,"purdue university west lafayette",0,0
243780,2014,,1,"purdue university west lafayette",0,0
243780,2015,,1,"purdue university west lafayette",0,0
243780,2016,,1,"purdue university west lafayette",0,0
243780,2017,,1,"purdue university west lafayette",0,0
