firstname,middlename,lastname,year,financedetail,college,boardunitid1,boardunitid2,technology,otherfin,collegeschooltype,pehedge
"william","arthur","fickling",1989,"non-financial","",,,0,0,4,0
"seymour","","cohn",1989," non-financial","rutgers university",,,0,0,2,0
"phoebe","hearst","cooke",1989," non-financial","",,,0,0,4,0
"harry","","weinberg",1989," non-financial","high school",,,0,0,1,0
"john","richard","simplot",1989," non-financial","high school",,,0,0,1,0
"lee","marshall","bass",1989,"venture capital","yale university",221999,,0,0,3,1
"samuel","joseph","frankino",1989,"non-financial","florida international university",,,0,0,1,0
"joseph","s","gruss",1989,"non-financial","",,,0,0,4,0
"donald","george","fisher",1989,"non-financial","university of california berkeley",,,0,0,2,0
"james","emmett","evans",1989," non-financial","university of north carolina",,,0,0,2,0
"jeremy","maurice","jacobs",1989," non-financial","state university of new york buffalo",,,0,0,3,0
"william","clay","ford",1989," non-financial","yale university",186131,,0,0,3,0
"cyril","","wagner",1989," non-financial","university of oklahoma",,,0,0,1,0
"david","","rockefeller",1989," non-financial","harvard university",,,0,0,3,0
"william","michael","cafaro",1989,"non-financial","hall's business college",,,0,0,1,0
"kenneth","nicholas","pontikes",1989,"non-financial","southern illinois university",,,1,0,1,0
"david","","packard",1989," non-financial","stanford university",,,1,0,3,0
"mervyn","edward","griffin",1989,"non-financial","university of san francisco",,,0,0,1,0
"william","robert","berkley",1989,"non-financial","new york university",,,0,0,3,0
"chapman","shaw","root",1989," non-financial","",,,0,0,4,0
"wilton","robert","stephens",1989,"investment banking","high school",,,0,1,1,0
"leonard","","tow",1989,"non-financial","brooklyn college",,,0,0,1,0
"a","alfred","taubman",1989," non-financial","",,,0,0,4,0
"ted","","arison",1989," non-financial","american university of beirut",,,0,0,1,0
"john","orin","edson",1989,"non-financial","",,,0,0,4,0
"forrest","edward","mars",1989," non-financial","yale university",,,0,0,3,0
"david","m","durst",1989," non-financial","georgia institute of technology",,,0,0,2,0
"william","coburn","cox",1989," non-financial","boston university",,,0,0,3,0
"robert","alfred","lurie",1989," non-financial","northwestern university",,,0,0,3,0
"orvon","gene","autry",1989,"non-financial","high school",,,0,0,1,0
"dorrance","hill","hamilton",1989,"non-financial","high school",,,0,0,1,0
"robert","alan","pritzker",1989," non-financial","illinois institute of technology",,,0,0,1,0
"laurance","spelman","rockefeller",1989,"venture capital","princeton university",,,0,0,3,1
"elizabeth","ann","reid",1989,"non-financial","university of kansas",198419,,0,0,1,0
"john","","arrillaga",1989," non-financial","stanford university",,,0,0,3,0
"lawrence","j","ellison",1989,"non-financial","",,,1,0,4,0
"frank","","batten",1989," non-financial","university of virginia",,,0,0,2,0
"curtis","leroy","carlson",1989," non-financial","university of minnesota",,,0,0,2,0
"albert","lee","ueltschi",1989,"non-financial","",,,0,0,4,0
"wallace","henry","coulter",1989,"non-financial","georgia institute of technology",,,0,0,2,0
"josephine","clay","ford",1989,"non-financial","",,,0,0,4,0
"philip","h","knight",1989," non-financial","university of oregon",,,0,0,1,0
"joe","lewis","allbritton",1989,"commercial banking","baylor university",,,0,1,1,0
"august","christopher","meyer",1989,"non-financial","harvard university",,,0,0,3,0
"harold","","brown",1989,"non-financial","massachusetts institute of technology",110404,,0,0,3,0
"ray","lee","hunt",1989," non-financial","southern methodist university",,,0,0,1,0
"james","levoy","sorenson",1989,"non-financial","high school",,,0,0,1,0
"dennis","","washington",1989," non-financial","high school",,,0,0,1,0
"meshulam","","riklis",1989,"private equity","ohio state university",,,0,0,2,1
"aaron","","spelling",1989,"non-financial","southern methodist university",,,0,0,1,0
"donald","e","graham",1989,"non-financial","harvard university",,,0,0,3,0
"floyd","dewey","gottwald",1989,"non-financial","virginia military institute",,,0,0,1,0
"john","hugh","macmillan",1989," non-financial","university of minnesota",,,0,0,2,0
"mortimer","benjamin","zuckerman",1989," non-financial","mcgill university",193900,,0,0,1,0
"anne","cox","chambers",1989," non-financial","finch college",,,0,0,1,0
"john","murdoch","harbert",1989,"non-financial","auburn university",,,0,0,1,0
"john","edward","anderson",1989,"non-financial","university of california los angeles",,,0,0,2,0
"richard","edwin","marriott",1989,"non-financial","university of utah",,,0,0,2,0
"marshall","","naify",1989,"non-financial","stanford university",,,0,0,3,0
"donald","edward","newhouse",1989," non-financial","",,,0,0,4,0
"robert","allen","naify",1989,"non-financial","high school",,,0,0,1,0
"warren","edward","buffett",1989,"asset management","university of nebraska",,,0,1,1,0
"patrick","george","ryan",1989,"other financial","northwestern university",147767,,0,1,3,0
"barbara","piasecka","johnson",1989,"non-financial","",,,0,0,4,0
"burton","paul","resnick",1989," non-financial","university of chicago",165015,,0,0,3,0
"roy","m","huffington",1989," non-financial","harvard university",,,0,0,3,0
"samuel","irving","newhouse",1989," non-financial","high school",,,0,0,1,0
"elizabeth","lupton","davenport",1989,"non-financial","",,,0,0,4,0
"anne","burnett","marion",1989,"non-financial","university of texas austin",,,0,0,2,0
"david","hamilton","koch",1989," non-financial","massachusetts institute of technology",162928,166683,0,0,3,0
"s","robson","walton",1989," non-financial","university of arkansas",,,0,0,1,0
"jerry","j","moore",1989,"non-financial","high school",,,0,0,1,0
"minot","king","milliken",1989,"non-financial","princeton university",,,0,0,3,0
"arthur","l","williams",1989,"non-financial","mississippi state university",,,0,0,1,0
"gordon","peter","getty",1989," non-financial","san francisco conservatory of music",,,0,0,1,0
"joseph","albert","albertson",1989," non-financial","college of idaho",,,0,0,1,0
"donald","joyce","hall",1989," non-financial","dartmouth college",,,0,0,3,0
"arthur","g","cohen",1989,"non-financial","university of miami",,,0,0,1,0
"lucille","","carver",1989,"non-financial","",,,0,0,4,0
"leonard","alan","lauder",1989," non-financial","university of pennsylvania",215062,,0,0,3,0
"armas","clifford","markkula",1989,"venture capital","university of southern california",,,0,0,3,1
"jerome","spiegel","kohlberg",1989,"private equity","columbia university",190150,190150,0,0,3,1
"harry","brakmann","helmsley",1989," non-financial","high school",,,0,0,1,0
"norton","","clapp",1989,"non-financial","occidental college",,,0,0,1,0
"lillian","","goldman",1989,"non-financial","high school",,,0,0,1,0
"paul","gardner","allen",1989," non-financial","",,,1,0,4,0
"ewing","marion","kauffman",1989,"non-financial","kansas city junior college",,,0,0,1,0
"octavia","mary","dupont bredin",1989,"non-financial","",,,0,0,4,0
"margaret","anne","cargill",1989," non-financial","university of minnesota",166939,,0,0,2,0
"ralph","mcallister","ingersoll",1989,"non-financial","yale university",,,0,0,3,0
"ian","","woodner",1989,"non-financial","university of minnesota",,,0,0,2,0
"august","anheuser","busch",1989," non-financial","high school",,,0,0,1,0
"claude","bernard","pennington",1989,"non-financial","",,,0,0,4,0
"robert","ted","turner",1989,"non-financial","brown university",,,0,0,3,0
"saul","phillip","steinberg",1989,"other financial","university of pennsylvania",215062,,0,1,3,0
"louis","","thalheimer",1989,"non-financial","amherst college",,,0,0,1,0
"morton","k","blaustein",1989," non-financial","",,,0,0,4,0
"frederick","robinson","koch",1989,"non-financial","harvard university",,,0,0,3,0
"howard","butcher","hillman",1989,"non-financial","",,,0,0,4,0
"doris","","duke",1989," non-financial","",,,0,0,4,0
"alfred","james","clark",1989,"non-financial","university of maryland college park",162928,,0,0,2,0
"lester","","crown",1989,"other financial","northwestern university",147767,,0,1,3,0
"jack","monteith","berry",1989," non-financial","high school",,,0,0,1,0
"melvin","","simon",1989," non-financial","city college of new york",,,0,0,3,0
"frederick","woodruff","field",1989," non-financial","",,,0,0,4,0
"anthony","martin","pilaro",1989,"non-financial","",,,0,0,4,0
"robert","j","congel",1989,"non-financial","",,,0,0,4,0
"jim","c","walton",1989," non-financial","university of arkansas",,,0,0,1,0
"john","william","berry",1989,"non-financial","dartmouth college",,,0,0,3,0
"alfred","dreyfus","goldman",1989,"non-financial","university of pennsylvania",,,0,0,3,0
"norman","e","alexander",1989,"non-financial","columbia university",,,0,0,3,0
"barbara","cox","anthony",1989," non-financial","high school",,,0,0,1,0
"peter","stephen","kalikow",1989," non-financial","hofstra university",,,0,0,1,0
"james","r","cargill",1989," non-financial","",,,0,0,4,0
"steven","paul","jobs",1989," non-financial","",,,1,0,4,0
"leon","","hess",1989," non-financial","high school",,,0,0,1,0
"ronald","owen","perelman",1989,"private equity","university of pennsylvania",215062,,0,0,3,1
"david","graves","mugar",1989,"non-financial","",,,0,0,4,0
"daniel","mauck","galbreath",1989," non-financial","amherst college",,,0,0,1,0
"james","martin","moran",1989,"non-financial","high school",,,0,0,1,0
"william","randolph","hearst",1989," non-financial","university of california berkeley",,,0,0,2,0
"arthur","bejer","belfer",1989," non-financial","grew up in poland",193900,,0,0,1,0
"john","jeffry","louis",1989," non-financial","williams college",,,0,0,1,0
"leonard","norman","stern",1989," non-financial","new york university",193900,,0,0,3,0
"cargill","","macmillan",1989,"non-financial","yale university",,,0,0,3,0
"henry","earl","singleton",1989," non-financial","massachusetts institute of technology",,,1,0,3,0
"kingdon","","gould",1989,"non-financial","yale university",,,0,0,3,0
"william","shivers","morris",1989,"non-financial","university of georgia",,,0,0,2,0
"michael","robert","forman",1989,"non-financial","stanford university",,,0,0,3,0
"samuel","j","lefrak",1989," non-financial","university of maryland college park",,,0,0,2,0
"gertrude","ramsay","crain",1989,"non-financial","",,,0,0,4,0
"robert","donald","vankampen",1989,"investment banking","wheaton college",,,0,1,1,0
"nelson","","peltz",1989,"private equity","",,,0,0,4,1
"francesco","","galesi",1989,"non-financial","princeton university",,,0,0,3,0
"philip","frederick","anschutz",1989,"non-financial","university of kansas",,,0,0,1,0
"frank","sherman","morgan",1989,"non-financial","kansas city junior college",,,0,0,1,0
"george","r","roberts",1989,"private equity","claremont mckenna college",112260,,0,0,1,1
"william","alfred","cook",1989,"non-financial","northwestern university",,,0,0,3,0
"walter","hubert","annenberg",1989,"non-financial","",,,0,0,4,0
"franklin","parsons","perdue",1989,"non-financial","salisbury university",,,0,0,1,0
"herbert","","allen",1989,"investment banking","high school",,,0,1,1,0
"paul","","milstein",1989," non-financial","",,,0,0,4,0
"irenee","","dupont",1989,"non-financial","massachusetts institute of technology",,,0,0,3,0
"marion","macmillan","pictet",1989," non-financial","vassar college",,,0,0,1,0
"sherman","w","dreiseszun",1989,"non-financial","",,,0,0,4,0
"charles","de","koch",1989," non-financial","massachusetts institute of technology",,,0,0,3,0
"lewis","robert","wasserman",1989," non-financial","high school",,,0,0,1,0
"robert","lee","moody",1989,"insurance","",,,0,1,4,0
"charles","","allen",1989,"investment banking","high school",,,0,1,1,0
"roy","hampton","park",1989," non-financial","north carolina state university",,,0,0,1,0
"herbert","anthony","allen",1989,"investment banking","williams college",,,0,1,1,0
"leslie","herbert","wexner",1989," non-financial","ohio state university",,,0,0,2,0
"caroline","rose","hunt",1989,"non-financial","university of texas austin",,,0,0,2,0
"daniel","james","terra",1989,"non-financial","pennsylvania state university",,,0,0,2,0
"ruth","blaustein","rosenberg",1989," non-financial","",,,0,0,4,0
"sumner","m","redstone",1989," non-financial","harvard university",,,0,0,3,0
"richard","mellon","scaife",1989,"commercial banking","university of pittsburgh",,,0,1,1,0
"bill","","gates",1989," non-financial","",,,1,0,4,0
"alfred","","lerner",1989,"commercial banking","columbia university",,,0,1,3,0
"pauline","macmillan","keinath",1989," non-financial","high school",,,0,0,1,0
"carl","celian","icahn",1989,"private equity","princeton university",,,0,0,3,1
"larry","abraham","silverstein",1989," non-financial","new york university",,,0,0,3,0
"robert","william","galvin",1989," non-financial","university of notre dame",167835,,1,0,3,0
"george","phydias","mitchell",1989," non-financial","texas a&m university",,,0,0,2,0
"constance","simons","dupont darden",1989,"non-financial","",,,0,0,4,0
"edith","","dupont pearson",1989,"non-financial","high school",,,0,0,1,0
"tatnall","lea","hillman",1989,"non-financial","",,,0,0,4,0
"thomas","john","flatley",1989,"non-financial","",164924,,0,0,4,0
"james","howard","marshall",1989,"non-financial","haverford college",,,0,0,1,0
"keith","rupert","murdoch",1989,"non-financial","oxford university",,,0,0,1,0
"eugene","paul","getty",1989,"non-financial","",,,0,0,4,0
"herbert","","simon",1989," non-financial","city college of new york",236948,,0,0,3,0
"john","quentin","hammons",1989,"non-financial","missouri state university",,,0,0,1,0
"fayez","shalaby","sarofim",1989,"asset management","university of california berkeley",,,0,1,2,0
"louis","larrick","ward",1989,"non-financial","stanford university",,,0,0,3,0
"samuel","","zell",1989,"non-financial","university of michigan",,,0,0,2,0
"victor","","posner",1989,"other financial","high school",,,0,1,1,0
"maryjane","hoiles","hardie",1989,"non-financial","university of california berkeley",,,0,0,2,0
"william","morse","davidson",1989,"non-financial","university of michigan",,,0,0,2,0
"bernard","h","mendik",1989," non-financial","city college of new york",,,0,0,3,0
"charles","f","feeney",1989,"non-financial","cornell university",,,0,0,3,0
"irene","sophie","dupont may",1989,"non-financial","",,,0,0,4,0
"charles","francis","dolan",1989," non-financial","",,,0,0,4,0
"fritz","otto","haas",1989,"non-financial","amherst college",,,0,0,1,0
"milton","jack","petrie",1989," non-financial","",,,0,0,4,0
"joseph","c","mandel",1989," non-financial","",,,0,0,4,0
"thomas","henry","dittmer",1989,"investment banking","",,,0,1,4,0
"mary","alice","dorrancemalone",1989,"non-financial","university of arizona",,,0,0,2,0
"pincus","","green",1989,"hedge funds","high school",,,0,0,1,1
"royal","h","durst",1989,"non-financial","",,,0,0,4,0
"seymour","b","durst",1989," non-financial","university of southern california",,,0,0,3,0
"gordon","earle","moore",1989," non-financial","university of california berkeley",110404,,1,0,2,0
"joseph","alexander","hardy",1989,"non-financial","university of pittsburgh",,,0,0,1,0
"gary","campbell","comer",1989,"non-financial","high school",,,0,0,1,0
"john","thomas","lupton",1989," non-financial","university of north carolina",,,0,0,2,0
"michel","","fribourg",1989," non-financial","educated in france",,,0,0,1,0
"w","duncan","macmillan",1989," non-financial","brown university",217156,,0,0,3,0
"william","ingraham","koch",1989," non-financial","massachusetts institute of technology",,,0,0,3,0
"kenneth","eugene","behring",1989,"non-financial","",,,0,0,4,0
"barbara","hall","marshall",1989,"non-financial","university of kansas",,,0,0,1,0
"henry","ross","perot",1989," non-financial","united states naval academy",,,0,0,1,0
"keith","w","mccaw",1989,"non-financial","colorado college",,,1,0,1,0
"oakleigh","blakeman","thorne",1989," non-financial","harvard university",,,0,0,3,0
"david","theodore","chase",1989,"non-financial","university of connecticut",,,0,0,1,0
"malcolm","austin","borg",1989," non-financial","columbia university",,,0,0,3,0
"henry","r","kravis",1989,"private equity","claremont mckenna college",112260,,0,0,1,1
"william","barron","hilton",1989," non-financial","university of southern california",,,0,0,3,0
"william","walter","caruth",1989," non-financial","southern methodist university",,,0,0,1,0
"george","leon","argyros",1989," non-financial","chapman university",110404,,0,0,1,0
"richard","louis","duchossois",1989,"non-financial","washington and lee university",,,0,0,1,0
"william","gordon","bennett",1989,"non-financial","phoenix college",,,0,0,1,0
"amos","barr","hostetter",1989," non-financial","amherst college",164465,,0,0,1,0
"jack","","parker",1989," non-financial","",,,0,0,4,0
"marvin","maynard","schwan",1989,"non-financial","bethany college",,,0,0,1,0
"theodore","nathan","lerner",1989,"non-financial","george washington university",,,0,0,3,0
"richard","edward","rainwater",1989,"asset management","university of texas austin",,,0,1,2,0
"guilford","","glazer",1989,"non-financial","",,,0,0,4,0
"m","larry","lawrence",1989,"non-financial","university of arizona",,,0,0,2,0
"mariana","","dupont silliman",1989,"non-financial","high school",,,0,0,1,0
"patrick","joseph","mcgovern",1989," non-financial","massachusetts institute of technology",166683,,0,0,3,0
"william","redington","hewlett",1989," non-financial","stanford university",,,1,0,3,0
"john","willard","marriott",1989," non-financial","university of utah",,,0,0,2,0
"fred","trammell","crow",1989,"non-financial","southern methodist university",,,0,0,1,0
"william","edward","simon",1989,"private equity","lafayette college",,,0,0,1,1
"peter","jay","sharp",1989," non-financial","",,,0,0,4,0
"walter","herbert","shorenstein",1989," non-financial","university of pennsylvania",,,0,0,3,0
"richard","allen","smith",1989," non-financial","high school",,,0,0,1,0
"lucile","evelina","dupont flint",1989,"non-financial","",,,0,0,4,0
"max","martin","fisher",1989," non-financial","ohio state university",,,0,0,2,0
"david","whitmire","hearst",1989," non-financial","",,,0,0,4,0
"willis","harrington","dupont",1989," non-financial","wesleyan university",,,0,0,1,0
"robert","muse","bass",1989,"venture capital","yale university",243744,,0,0,3,1
"betsey","cushing","rooseveltwhitney",1989,"venture capital","high school",,,0,0,1,1
"roy","edward","disney",1989," non-financial","pomona college",,,0,0,1,0
"richard","marvin","devos",1989," non-financial","calvin college",121345,,0,0,1,0
"john","charles","haas",1989,"non-financial","amherst college",166683,,0,0,1,0
"ronald","steven","lauder",1989," non-financial","university of pennsylvania",,,0,0,3,0
"paul","b","fireman",1989,"non-financial","",,,0,0,4,0
"sheldon","henry","solow",1989," non-financial","",193900,,0,0,4,0
"robert","einar","petersen",1989," non-financial","high school",,,0,0,1,0
"alpheus","lee","ellis",1989,"commercial banking","",,,0,1,4,0
"david","howard","murdock",1989," non-financial","high school",,,0,0,1,0
"richard","alexander","manoogian",1989,"non-financial","yale university",,,0,0,3,0
"henry","john","heinz",1989," non-financial","yale university",,,0,0,3,0
"alexis","felix","dupont",1989," non-financial","princeton university",,,0,0,3,0
"allen","eugene","paulson",1989,"non-financial","",,,0,0,4,0
"thomas","mellon","evans",1989,"other financial","yale university",,,0,1,3,0
"sid","richardson","bass",1989," non-financial","yale university",130794,,0,0,3,0
"neil","gary","bluhm",1989," non-financial","university of illinois urbana-champaign",147767,,0,0,2,0
"john","elroy","mccaw",1989,"non-financial","university of washington",,,1,0,2,0
"alice","l","walton",1989," non-financial","trinity university",,,0,0,1,0
"barbara","","tyson",1989,"non-financial","",,,0,0,4,0
"marc","david","rich",1989," non-financial","",,,0,0,4,0
"john","d","hollingsworth",1989,"non-financial","",,,0,0,4,0
"edward","perry","bass",1989,"venture capital","yale university",130794,,0,0,3,1
"gerrish","hill","milliken",1989,"non-financial","yale university",,,0,0,3,0
"jacqueline","mars","vogel",1989,"non-financial","bryn mawr college",,,0,0,1,0
"david","","geffen",1989," non-financial","",,,0,0,4,0
"donald","john","tyson",1989,"non-financial","",,,0,0,4,0
"johnnie","bryan","hunt",1989,"non-financial","university of arkansas",,,0,0,1,0
"hugh","franklin","culverhouse",1989,"non-financial","university of alabama",,,0,0,1,0
"john","t","walton",1989,"non-financial","",,,0,0,4,0
"donald","j","trump",1989," non-financial","university of pennsylvania",,,0,0,3,0
"bruce","r","mccaw",1989,"non-financial","",,,1,0,4,0
"lawrence","","fisher",1989,"non-financial","high school",,,0,0,1,0
"richard","palmer","kaleiokusmart",1989,"non-financial","",,,0,0,4,0
"william","s","paley",1989," non-financial","university of pennsylvania",,,0,0,3,0
"daniel","keith","ludwig",1989,"commercial banking","high school",,,0,1,1,0
"kirk","","kerkorian",1989," non-financial","high school",,,0,0,1,0
"jack","","tramiel",1989,"non-financial","high school",,,1,0,1,0
"norton","winfred","simon",1989," non-financial","",,,0,0,4,0
"william","bernard","ziff",1989," non-financial","rutgers university",,,0,0,2,0
"charles","c","butt",1989,"non-financial","university of pennsylvania",,,0,0,3,0
"fitz","eugene","dixon",1989," non-financial","harvard university",,,0,0,3,0
"seymour","","milstein",1989," non-financial","new york university",,,0,0,3,0
"robert","drayton","mclane",1989,"non-financial","baylor university",,,0,0,1,0
"carl","clement","landegger",1989," non-financial","georgetown university",131496,,0,0,3,0
"helen","kinney","copley",1989," non-financial","high school",,,0,0,1,0
"harry","","lebensfeld",1989,"non-financial","high school",,,0,0,1,0
"robert","henry","dedman",1989,"non-financial","university of texas",,,0,0,2,0
"donald","worthington","reynolds",1989," non-financial","university of missouri",,,0,0,1,0
"charles","henry","dyson",1989,"private equity","pace university",,,0,0,1,1
"charles","cassius","gates",1989," non-financial","high school",110404,,0,0,1,0
"whitney","","macmillan",1989," non-financial","yale university",,,0,0,3,0
"jay","van","andel",1989," non-financial","high school",,,0,0,1,0
"donald","leroy","bren",1989," non-financial","university of washington",110404,,0,0,2,0
"craig","o","mccaw",1989,"non-financial","stanford university",,,1,0,3,0
"stanley","","hubbard",1989," non-financial","university of minnesota",,,0,0,2,0
"zachary","","fisher",1989," non-financial","high school",,,0,0,1,0
"richard","e","jacobs",1989,"non-financial","indiana university bloomington",,,0,0,2,0
"andrew","jerrold","perenchio",1989,"non-financial","university of california los angeles",,,0,0,2,0
"shelby","cullom","davis",1989,"investment banking","princeton university",,,0,1,3,0
"harry","howard","hoiles",1989,"non-financial","",,,0,0,4,0
"james","landon","knight",1989," non-financial","",,,0,0,4,0
"richard","taylor","peery",1989," non-financial","brigham young university",,,0,0,1,0
"edward","crosby","johnson",1989,"other financial","northeastern university",,,0,1,3,0
"carl","henry","lindner",1989,"commercial banking","high school",,,0,1,1,0
"james","lawrence","walton",1989,"non-financial","wentworth military academy",,,0,0,1,0
"winthrop","paul","rockefeller",1989," non-financial","texas christian university",,,0,0,1,0
"robert","freeman","weis",1989," non-financial","yale university",,,0,0,3,0
"william","","lyon",1989,"non-financial","university of southern california",,,0,0,3,0
"jack","kent","cooke",1989," non-financial","high school",190415,190415,0,0,1,0
"lloyd","edward","cotsen",1989,"non-financial","princeton university",,,0,0,3,0
"edward","lewis","gaylord",1989," non-financial","stanford university",,,0,0,3,0
"sydney","mark","taper",1989," non-financial","",,,0,0,4,0
"samuel","curtis","johnson",1989," non-financial","cornell university",,,0,0,3,0
"leonard","","litwin",1989,"non-financial","",,,0,0,4,0
"leonard","samuel","skaggs",1989,"non-financial","",,,0,0,4,0
"michael","robert","milken",1989,"private equity","university of california berkeley",,,0,0,2,1
"jane","bancroft","cook",1989," non-financial","high school",,,0,0,1,0
"jay","arthur","pritzker",1989," non-financial","university of chicago",147767,,0,0,3,0
"george","randolph","hearst",1989," non-financial","",,,0,0,4,0
"eli","","broad",1989,"other financial","michigan state university",110404,,0,1,2,0
"katharine","","graham",1989," non-financial","university of chicago",,,0,0,3,0
"john","thompson","dorrance",1989," non-financial","",,,0,0,4,0
"marvin","harold","davis",1989," non-financial","new york university",,,0,0,3,0
"stephen","davison","bechtel",1989," non-financial","purdue university",110404,,0,0,2,0
"jack","","rudin",1989," non-financial","city college of new york",,,0,0,3,0
"alice","sheets","marriott",1989,"non-financial","university of utah",,,0,0,2,0
"luigino","francesco","paulucci",1989,"non-financial","hibbing junior college",,,0,0,1,0
"grover","","connell",1989," non-financial","columbia university",,,0,0,3,0
"george","","soros",1989,"hedge funds","london school of economics",,,0,0,1,1
"cordelia","scaife","may",1989,"venture capital","",,,0,0,4,1
"alexander","gus","spanos",1989," non-financial","university of the pacific",,,0,0,1,0
"joan","beverly","kroc",1989,"non-financial","",,,0,0,4,0
"bob","john","magness",1989,"non-financial","",,,0,0,4,0
"ben","hill","griffin",1989," non-financial","university of florida",,,0,0,1,0
"maurice","raymond","greenberg",1989,"insurance","university of miami",,,0,1,1,0
"roger","","milliken",1989," non-financial","yale university",,,0,0,3,0
"jane","b","engelhard",1989," non-financial","high school",,,0,0,1,0
"millicent","v","baoudjakdji",1989,"non-financial","",,,0,0,4,0
"judd","david","malkin",1989,"non-financial","university of illinois",,,0,0,2,0
"ralph","","lauren",1989," non-financial","",,,0,0,4,0
"sigfried","","weis",1989," non-financial","yale university",,,0,0,3,0
"jack","e","brown",1989," non-financial","texas a&m university",,,0,0,2,0
"cleon","t(bud)","knapp",1989,"non-financial","university of california los angeles",,,0,0,2,0
"leonard","maximilian","marx",1989," non-financial","yale university",,,0,0,3,0
"claire","eugenia","gettyperry",1989,"non-financial","",,,0,0,4,0
"george","francis","landegger",1989," non-financial","",,,0,0,4,0
"ml","","dupont greenwalt",1989,"non-financial","",,,0,0,4,0
"hope","hill","vanbeuren",1989," non-financial","",,,0,0,4,0
"robert","staples","howard",1989," non-financial","university of minnesota",191515,,0,0,2,0
"bruce","cobb","gottwald",1989,"non-financial","virginia military institute",,,0,0,1,0
"edwin","lochridge","cox",1989," non-financial","southern methodist university",,,0,0,1,0
"randolph","apperson","hearst",1989," non-financial","harvard university",,,0,0,3,0
"jack","n","mandel",1989," non-financial","",,,0,0,4,0
"alice","francis","dupont mills",1989,"non-financial","",,,0,0,4,0
"ernest","","gallo",1989," non-financial","",,,0,0,4,0
"bennett","","dorrance",1989," non-financial","university of arizona",,,0,0,2,0
"eleanor","francis","dupont rust",1989,"non-financial","",,,0,0,4,0
"bella","","wexner",1989,"non-financial","high school",,,0,0,1,0
"frank","james","pasquerilla",1989,"non-financial","",,,0,0,4,0
"robert","","rich",1989," non-financial","state university of new york buffalo",,,0,0,3,0
"jane","cox","macelree",1989," non-financial","",,,0,0,4,0
"preston","robert","tisch",1989," non-financial","university of michigan",193900,,0,0,2,0
"oveta","culp","hobby",1989," non-financial","",,,0,0,4,0
"morton","leon","mandel",1989," non-financial","",,,0,0,4,0
"laszlo","nandor","tauber",1989,"non-financial","university budapest",,,0,0,1,0
"julio","","gallo",1989," non-financial","high school",,,0,0,1,0
"william","alvin","moncrief",1989," non-financial","university of texas austin",,,0,0,2,0
"lewis","","rudin",1989," non-financial","new york university",,,0,0,3,0
"mansfield","","freeman",1989,"non-financial","wesleyan university",,,0,0,1,0
"howard","","kaskel",1989," non-financial","",,,0,0,4,0
"richard","jerome","o’neill",1989,"non-financial","california polytechnic state university",,,0,0,1,0
"john","werner","kluge",1989," non-financial","columbia university",,,0,0,3,0
"henry","lea","hillman",1989,"private equity","princeton university",,,0,0,3,1
"paul","","mellon",1989,"commercial banking","yale university",,,0,1,3,0
"charlotte","colket","weber",1989,"non-financial","university of paris",,,0,0,1,0
"john","g","rangos",1989,"non-financial","houston school of business",,,0,0,1,0
"george","l","lindemann",1989,"other financial","university of pennsylvania",,,0,1,3,0
"carl","ray","pohlad",1989,"non-financial","",,,1,0,4,0
"john","franklyn","mars",1989," non-financial","yale university",,,0,0,3,0
"anne","catherine","gettyearhart",1989,"non-financial","",,,0,0,4,0
"sam","moore","walton",1989," non-financial","university of missouri",,,0,0,1,0
"william","norman","pennington",1989,"non-financial","",,,0,0,4,0
"jackson","thomas","stephens",1989,"investment banking","united states naval academy",,,0,1,1,0
"robert","harris","lurie",1989," non-financial","northwestern university",,,0,0,3,0
"miller","","nichols",1989,"non-financial","university of kansas",,,0,0,1,0
"margaret","hunt","hill",1989," non-financial","mary baldwin college",,,0,0,1,0
"edgar","miles","bronfman",1989,"non-financial","mcgill university",,,0,0,1,0
"laurence","a","tisch",1989," non-financial","new york university",193900,,0,0,3,0
"orville","wayne","rollins",1989," non-financial","high school",,,0,0,1,0
"jon","meade","huntsman",1989,"non-financial","stanford university",215062,,0,0,3,0
"mark","les","goodson",1989,"non-financial","university of california berkeley",,,0,0,2,0
"joseph","dahr","jamail",1989,"non-financial","university of texas austin",,,0,0,2,0
"william","russell","kelly",1989,"non-financial","university of pennsylvania",,,0,0,3,0
"edward","john","debartolo",1989," non-financial","university of notre dame",,,0,0,3,0
"alice","o’neill","avery",1989," non-financial","immaculate heart college",,,0,0,1,0
"nan","tucker","mcevoy",1989,"non-financial","",,,0,0,4,0
"forrest","edward","mars",1989," non-financial","yale university",,,0,0,3,0
"estee","","lauder",1989,"non-financial","high school",,,0,0,1,0
"william","","wrigley",1989," non-financial","duke university",147767,,0,0,3,0
"caroline","marie","getty",1989,"non-financial","",,,0,0,4,0
"jesse","mack","robinson",1989,"commerical banking","high school",139658,,0,1,1,0
"howard","brighton","keck",1989," non-financial","",,,0,0,4,0
"marshall","field","v",1989,"non-financial","",,,0,0,4,0
"thomas","stephen","monaghan",1989,"non-financial","",,,0,0,4,0
"malcolm","stevenson","forbes",1989," non-financial","princeton university",186131,,0,0,3,0
"stanley","irving","stahl",1989,"non-financial","new york university",,,0,0,3,0
"harold","clark","simmons",1989,"private equity","university of texas austin",,,0,0,2,1
"bruce","","kovner",2003,"hedge funds","harvard university",,,0,0,3,1
"h","wayne","huizenga",2003,"other financial","",,,0,1,4,0
"john","","arrillaga",2003," non-financial","stanford university",,,0,0,3,0
"alan","","gerry",2003,"non-financial","high school",,,0,0,1,0
"john","elroy","mccaw",2003,"non-financial","university of washington",,,1,0,2,0
"robert","edward","rich",2003," non-financial","state university of new york buffalo",,,0,0,3,0
"l","lowry","mays",2003,"non-financial","texas a&m university",228723,,0,0,2,0
"a","alfred","taubman",2003," non-financial","",,,0,0,4,0
"dorrance","hill","hamilton",2003,"non-financial","high school",,,0,0,1,0
"ray","lee","hunt",2003," non-financial","southern methodist university",,,0,0,1,0
"bernard","a","osher",2003,"commerical banking","bowdoin college",,,0,1,1,0
"stanley","","druckenmiller",2003,"hedge funds","bowdoin college",,,0,0,1,1
"david","a","duffield",2003," non-financial","cornell university",,,1,0,3,0
"jerry","","yang",2003," non-financial","stanford university",,,1,0,3,0
"bruce","r","mccaw",2003,"non-financial","",,,1,0,4,0
"jerry","w","jones",2003," non-financial","university of arkansas",,,0,0,1,0
"jack","crawford","taylor",2003,"non-financial","washington university in st. louis",,,0,0,3,0
"ronald","steven","lauder",2003," non-financial","university of pennsylvania",,,0,0,3,0
"bernard","francis","saul",2003,"venture capital","villanova university",,,0,0,1,1
"john","t","walton",2003,"non-financial","",,,0,0,4,0
"michael","f","price",2003,"hedge funds","university of oklahoma",162928,,0,0,1,1
"david","sr","rockefeller",2003," non-financial","harvard university",,,0,0,3,0
"edward","g","watkins",2003,"non-financial","",,,1,0,4,0
"john","willard","marriott",2003," non-financial","university of utah",,,0,0,2,0
"charles","r","schwab",2003,"investment banking","stanford university",243744,,0,1,3,0
"e","pierce","marshall",2003,"non-financial","pomona college",,,0,0,1,0
"h","ty","warner",2003,"non-financial","kalamazoo college",,,0,0,1,0
"warren","edward","buffett",2003,"asset management","university of nebraska",,,0,1,1,0
"patrick","joseph","mcgovern",2003," non-financial","massachusetts institute of technology",166683,,0,0,3,0
"george","phydias","mitchell",2003," non-financial","texas a&m university",,,0,0,2,0
"gerald","j","ford",2003,"investment banking","southern methodist university",,,0,1,1,0
"roger","","milliken",2003," non-financial","yale university",,,0,0,3,0
"charles","t","munger",2003,"asset management","california institute of technology",,,0,1,3,0
"james","c","france",2003,"non-financial","florida southern college",,,0,0,1,0
"peter","benjamin","lewis",2003,"non-financial","princeton university",186131,,0,0,3,0
"nancy","lerner","beck",2003,"non-financial","university of cincinnati",,,0,0,2,0
"william","s","levine",2003,"non-financial","new york university",,,0,0,3,0
"s","robson","walton",2003," non-financial","university of arkansas",,,0,0,1,0
"mitchell","","rales",2003," non-financial","miami university",,,0,0,1,0
"cordelia","scaife","may",2003,"venture capital","",,,0,0,4,1
"gordon","earle","moore",2003," non-financial","university of california berkeley",110404,,1,0,2,0
"donald","john","tyson",2003,"non-financial","",,,0,0,4,0
"arthur","l","williams",2003,"non-financial","mississippi state university",,,0,0,1,0
"walter","jr","scott",2003," non-financial","colorado state university",,,0,0,1,0
"carl","","icahn",2003,"private equity","princeton university",,,0,0,3,1
"william","","bowes",2003,"venture capital","stanford university",,,0,0,3,1
"richard","edward","rainwater",2003,"asset management","university of texas austin",,,0,1,2,0
"john","thomas","lupton",2003," non-financial","university of north carolina",,,0,0,2,0
"norman","w","waitt",2003,"non-financial","morningside college",,,0,0,1,0
"frederick","wallace","smith",2003," non-financial","yale university",,,0,0,3,0
"grover","","connell",2003," non-financial","columbia university",,,0,0,3,0
"roy","edward","disney",2003," non-financial","pomona college",,,0,0,1,0
"richard","mellon","scaife",2003,"commercial banking","university of pittsburgh",,,0,1,1,0
"david","hamilton","koch",2003," non-financial","massachusetts institute of technology",162928,166683,0,0,3,0
"jerome","spiegel","kohlberg",2003,"private equity","columbia university",190150,190150,0,0,3,1
"jeffrey","p","bezos",2003,"non-financial","princeton university",,,1,0,3,0
"patrick","","soon-shiong",2003," non-financial","university of witwatersrand",,,0,0,1,0
"henry","","samueli",2003," non-financial","university of california los angeles",,,1,0,2,0
"donald","l","bren",2003," non-financial","university of washington",110404,,0,0,2,0
"lester","and","crown",2003,"other financial","northwestern university",147767,,0,1,3,0
"marilyn","carlson","nelson",2003,"non-financial","smith college",,,0,0,1,0
"john","","herma",2003,"non-financial","rutgers university",,,0,0,2,0
"andel","jay","van",2003,"non-financial","calvin university",,,0,0,1,0
"forrest","edward","mars",2003," non-financial","yale university",,,0,0,3,0
"walter","herbert","shorenstein",2003," non-financial","university of pennsylvania",,,0,0,3,0
"dennis","","washington",2003," non-financial","high school",,,0,0,1,0
"joseph","dahr","jamail",2003,"non-financial","university of texas austin",,,0,0,2,0
"john","franklyn","mars",2003," non-financial","yale university",,,0,0,3,0
"henry","bartell","zachry",2003,"non-financial","texas a&m university",,,0,0,2,0
"barbara","cox","anthony",2003," non-financial","high school",,,0,0,1,0
"peter","m","nicholas",2003,"non-financial","duke university",198419,,0,0,3,0
"robert","","rowling",2003," non-financial","university of texas austin",,,0,0,2,0
"william","morse","davidson",2003,"non-financial","university of michigan",,,0,0,2,0
"william","bradley","turner",2003,"non-financial","georgia institute of technology",,,0,0,2,0
"george","","soros",2003,"hedge funds","london school of economics",,,0,0,1,1
"frederick","robinson","koch",2003,"non-financial","harvard university",,,0,0,3,0
"pincus","","green",2003,"hedge funds","high school",,,0,0,1,1
"joseph","","neubauer",2003,"non-financial","tufts university",168148,144050,0,0,3,0
"donald","george","fisher",2003,"non-financial","university of california berkeley",,,0,0,2,0
"cargill","jr","macmillan",2003,"non-financial","yale university",,,0,0,3,0
"ann","walton","kroenke",2003," non-financial","lincoln university",,,0,0,1,0
"leonard","","abramson",2003,"insurance","philadelphia college of pharmacy and science",,,0,1,1,0
"alfred","p","west",2003,"asset management","georgia institute of technology",,,0,1,2,0
"min","h","kao",2003," non-financial","national taiwan university",,,1,0,1,0
"ronda","e","stryker",2003," non-financial","university of northern colorado",,,0,0,1,0
"james","and","kim",2003,"non-financial","university of pennsylvania",215062,,1,0,3,0
"jon","lloyd","stryker",2003," non-financial","kalamazoo college",,,0,0,1,0
"harold","fitzgerald","lenfest",2003,"non-financial","washington and lee university",,,0,0,1,0
"leandro","p","rizzuto",2003," non-financial","",,,0,0,4,0
"herbert","and","kohler",2003," non-financial","yale university",,,0,0,3,0
"john","orin","edson",2003,"non-financial","",,,0,0,4,0
"stanley","","kroenke",2003," non-financial","university of missouri",,,0,0,1,0
"austin","","hearst",2003,"non-financial","california state polytechnic university pomona",,,0,0,1,0
"herbert","","siegel",2003,"non-financial","",,,0,0,4,0
"kenneth","g","langone",2003,"venture capital","bucknell university",193900,,0,0,1,1
"beuren","hope","van",2003,"non-financial","",,,0,0,4,0
"john","c","malone",2003," non-financial","yale university",,,0,0,3,0
"michael","e","heisley",2003,"non-financial","georgetown university",131496,,0,0,3,0
"glen","","taylor",2003," non-financial","minnesota state university",,,0,0,1,0
"vinod","","khosla",2003,"venture capital","indian institute of technology",,,0,0,1,1
"paul","tudor","jones",2003,"hedge funds","university of virginia",,,0,0,2,1
"clemmie","dixon","spangler",2003,"other financial","university of north carolina",,,0,1,2,0
"carl","ray","pohlad",2003,"commerical banking","",,,0,1,4,0
"william","jr","wrigley",2003," non-financial","duke university",147767,,0,0,3,0
"michael","d","eisner",2003,"non-financial","denison university",,,0,0,1,0
"thomas","","friedkin",2003,"non-financial","",,,0,0,4,0
"victor","","fung",2003,"non-financial","massachusetts institute of technology",,,0,0,3,0
"nancy","and","dedman",2003,"non-financial","",,,0,0,4,0
"john","albert","sobrato",2003," non-financial","santa clara university",,,0,0,1,0
"david","","filo",2003," non-financial","tulane university",,,1,0,1,0
"richard","m","devos",2003," non-financial","calvin college",121345,,0,0,1,0
"michael","","dell",2003," non-financial","",,,1,0,4,0
"nancy","walton","laurie",2003," non-financial","university of memphis",,,0,0,1,0
"robert","drayton","mclane",2003,"non-financial","baylor university",,,0,0,1,0
"henry","ross","perot",2003," non-financial","united states naval academy",,,0,0,1,0
"abigail","","johnson",2003,"asset management","hobart and william smith",166683,,0,1,1,0
"theodore","","forstmann",2003,"private equity","yale university",,,0,0,3,1
"richard","m","schulze",2003," non-financial","high school",,,0,0,1,0
"stanley","","hubbard",2003," non-financial","university of minnesota",,,0,0,2,0
"irwin","mark","jacobs",2003,"non-financial","cornell university",,,1,0,3,0
"samuel","","zell",2003,"non-financial","university of michigan",,,0,0,2,0
"gordon","peter","getty",2003," non-financial","san francisco conservatory of music",,,0,0,1,0
"charles","cassius","gates",2003," non-financial","high school",110404,,0,0,1,0
"helen","k","copley",2003," non-financial","high school",,,0,0,1,0
"david","and","gold",2003,"non-financial","",,,0,0,4,0
"archie","aldis","emmerson",2003," non-financial","",,,0,0,4,0
"george","randolph","hearst",2003," non-financial","",,,0,0,4,0
"richard","alexander","manoogian",2003,"non-financial","yale university",,,0,0,3,0
"perry","richardson","bass",2003," non-financial","yale university",,,0,0,3,0
"bill","","gates",2003," non-financial","",,,1,0,4,0
"william","j","pulte",2003,"non-financial","high school",,,0,0,1,0
"max","martin","fisher",2003," non-financial","ohio state university",,,0,0,2,0
"micky","","arison",2003," non-financial","",,,0,0,4,0
"steven","","rales",2003," non-financial","depauw university",,,0,0,1,0
"charles","","ergen",2003," non-financial","university of tennessee knoxville",,,0,0,1,0
"james","martin","moran",2003,"non-financial","high school",,,0,0,1,0
"mary","","anselmo",2003,"non-financial","",,,1,0,4,0
"gary","l","burrell",2003,"non-financial","wichita state university",,,1,0,1,0
"julian","h","robertson",2003,"hedge funds","university of north carolina",,,0,0,2,1
"bernard","","marcus",2003," non-financial","rutgers university",,,0,0,2,0
"john","g","sperling",2003,"private equity","reed college",,,0,0,1,1
"charles","","simonyi",2003," non-financial","university of california berkeley",,,1,0,2,0
"james","","jannard",2003," non-financial","",,,0,0,4,0
"john","p","morgridge",2003,"non-financial","university of wisconsin",243744,,1,0,2,0
"leonore","","annenberg",2003,"non-financial","stanford university",,,0,0,3,0
"stuart","robert","levine",2003,"non-financial","",,,0,0,4,0
"edward","perry","bass",2003,"venture capital","yale university",130794,,0,0,3,1
"eli","","broad",2003,"other financial","michigan state university",110404,,0,1,2,0
"leon","and","levine",2003,"non-financial","wingate college",,,0,0,1,0
"dirk","edward","ziff",2003,"hedge funds","columbia university",,,0,0,3,1
"jay","h","baker",2003,"non-financial","university of pennsylvania",,,0,0,3,0
"marvin","h","davis",2003," non-financial","new york university",,,0,0,3,0
"lee","marshall","bass",2003,"venture capital","yale university",221999,,0,0,3,1
"pauline","macmillan","keinath",2003," non-financial","high school",,,0,0,1,0
"phillip","","ruffin",2003," non-financial","",,,0,0,4,0
"paul","gardner","allen",2003," non-financial","",,,1,0,4,0
"kirk","","kerkorian",2003," non-financial","high school",,,0,0,1,0
"edward","s","lampert",2003,"hedge funds","yale university",,,0,0,3,1
"thomas","haskell","lee",2003,"private equity","harvard university",165015,,0,0,3,1
"caroline","marie","getty",2003,"non-financial","",,,0,0,4,0
"nelson","","peltz",2003,"private equity","",,,0,0,4,1
"bradley","wayne","hughes",2003," non-financial","university of southern california",,,0,0,3,0
"richard","edwin","marriott",2003,"non-financial","university of utah",,,0,0,2,0
"william","randolph","hearst",2003," non-financial","university of california berkeley",,,0,0,2,0
"arturo","","moreno",2003," non-financial","university of arizona",,,0,0,2,0
"herbert","m","sandler",2003,"commerical banking","city college of new york",,,0,1,3,0
"franklin","otis","booth",2003,"asset management","california institute of technology",,,0,1,3,0
"george","","joseph",2003,"non-financial","harvard university",,,0,0,3,0
"alec","","gores",2003,"private equity","western michigan university",,,0,0,1,1
"laurance","spelman","rockefeller",2003,"venture capital","princeton university",,,0,0,3,1
"elizabeth","turner","corn",2003,"non-financial","",,,0,0,4,0
"patrick","george","ryan",2003,"other financial","northwestern university",147767,,0,1,3,0
"mark","c","smith",2003,"non-financial","georgia institute of technology",,,1,0,2,0
"susan","thompson","buffett",2003,"asset management","northwestern university",,,0,1,3,0
"george","","lucas",2003," non-financial","university of southern california",,,0,0,3,0
"ralph","","lauren",2003," non-financial","",,,0,0,4,0
"jackson","thomas","stephens",2003,"investment banking","united states naval academy",,,0,1,1,0
"anne","catherine","earhart",2003,"non-financial","",,,0,0,4,0
"charles","c","butt",2003,"non-financial","university of pennsylvania",,,0,0,3,0
"stephen","a","wynn",2003,"non-financial","university of pennsylvania",215062,,0,0,3,0
"donald","j","trump",2003," non-financial","university of pennsylvania",,,0,0,3,0
"nan","tucker","mcevoy",2003,"non-financial","",,,0,0,4,0
"marion","macmillan","pictet",2003," non-financial","vassar college",,,0,0,1,0
"elizabeth","ann","reid",2003,"non-financial","university of kansas",198419,,0,0,1,0
"jess","stonestreet","jackson",2003,"non-financial","university of california berkeley",,,0,0,2,0
"timothy","","boyle",2003,"non-financial","university of oregon",,,0,0,1,0
"william","clay","ford",2003," non-financial","yale university",186131,,0,0,3,0
"marion","o","sandler",2003,"commerical banking","wellesley college",,,0,1,1,0
"sheldon","henry","solow",2003," non-financial","",193900,,0,0,4,0
"paul","barry","fireman",2003,"non-financial","",,,0,0,4,0
"andrew","","mckelvey",2003,"non-financial","westminster college",,,0,0,1,0
"margaret","anne","cargill",2003," non-financial","university of minnesota",166939,,0,0,2,0
"richard","s","strong",2003,"asset management","",,,0,1,4,0
"richard","","kinder",2003," non-financial","university of missouri",,,0,0,1,0
"george","l","lindemann",2003,"other financial","university of pennsylvania",,,0,1,3,0
"tom","","werner",2003,"non-financial","harvard university",,,0,0,3,0
"marc","david","rich",2003," non-financial","",,,0,0,4,0
"david","","geffen",2003," non-financial","",,,0,0,4,0
"edgar","m","bronfman",2003,"non-financial","mcgill university",,,0,0,1,0
"lawrence","joseph","ellison",2003,"non-financial","",,,1,0,4,0
"alberto","","vilar",2003,"asset management","washington and jefferson college",,,0,1,1,0
"ronald","owen","perelman",2003,"private equity","university of pennsylvania",215062,,0,0,3,1
"harold","clark","simmons",2003,"private equity","university of texas austin",,,0,0,2,1
"william","c","france",2003,"non-financial","university of florida",,,0,0,1,0
"james","","goodnight",2003," non-financial","north carolina state university",,,1,0,1,0
"leonard","norman","stern",2003," non-financial","new york university",193900,,0,0,3,0
"sheldon","","adelson",2003," non-financial","",,,0,0,4,0
"john","","sall",2003," non-financial","beloit college",,,1,0,1,0
"roy","merrill","speer",2003,"non-financial","stetson university",,,0,0,1,0
"billy","joe","mccombs",2003,"non-financial","",,,0,0,4,0
"jon","meade","huntsman",2003,"non-financial","stanford university",215062,,0,0,3,0
"steven","a","cohen",2003,"hedge funds","university of pennsylvania",,,0,0,3,1
"edward","crosby","johnson",2003,"other financial","northeastern university",,,0,1,3,0
"george","r","roberts",2003,"private equity","claremont mckenna college",112260,,0,0,1,1
"william","ingraham","koch",2003," non-financial","massachusetts institute of technology",,,0,0,3,0
"albert","lee","ueltschi",2003,"non-financial","",,,0,0,4,0
"gary","","magness",2003,"non-financial","",,,0,0,4,0
"john","r","menard",2003," non-financial","university of wisconsin eau claire",,,0,0,2,0
"george","b","kaiser",2003," non-financial","harvard university",,,0,0,3,0
"frederick","woodruff","field",2003," non-financial","",,,0,0,4,0
"arthur","m","blank",2003," non-financial","babson college",139658,,0,0,1,0
"james","h","clark",2003," non-financial","university of new orleans",,,1,0,1,0
"daniel","morton","ziff",2003,"hedge funds","columbia university",,,0,0,3,1
"bennett","","dorrance",2003," non-financial","university of arizona",,,0,0,2,0
"edmund","newton","ansin",2003,"non-financial","university of pennsylvania",,,0,0,3,0
"anne","windfohr","marion",2003,"non-financial","university of texas austin",,,0,0,2,0
"donald","joyce","hall",2003," non-financial","dartmouth college",,,0,0,3,0
"thomas","j","pritzker",2003,"other financial","claremont mckenna college",144050,,0,1,1,0
"martha","r","ingram",2003," non-financial","vassar college",221999,,0,0,1,0
"joan","beverly","kroc",2003,"non-financial","",,,0,0,4,0
"john","jay","moores",2003,"non-financial","university of houston",110635,,1,0,1,0
"helen","r","walton",2003,"non-financial","university of oklahoma",,,0,0,1,0
"maurice","raymond","greenberg",2003,"insurance","university of miami",,,0,1,1,0
"barry","","diller",2003," non-financial","",193900,,0,0,4,0
"george","leon","argyros",2003," non-financial","chapman university",110404,,0,0,1,0
"samuel","","wyly",2003,"hedge funds","louisiana tech university",,,0,0,1,1
"aubrey","","chernick",2003,"non-financial","university of manitoba",,,1,0,1,0
"robert","einar","petersen",2003," non-financial","high school",,,0,0,1,0
"ollen","bruton","smith",2003,"non-financial","high school",,,0,0,1,0
"william","alfred","cook",2003,"non-financial","northwestern university",,,0,0,3,0
"richard","","wendt",2003,"non-financial","",,,0,0,4,0
"thomas","","bailey",2003,"asset management","michigan state university",,,0,1,2,0
"robert","j","congel",2003,"non-financial","",,,0,0,4,0
"mark","","cuban",2003," non-financial","indiana university bloomington",,,0,0,2,0
"edward","john","debartolo",2003," non-financial","university of notre dame",,,0,0,3,0
"david","howard","murdock",2003," non-financial","high school",,,0,0,1,0
"joshua","iii","green",2003,"commercial banking","harvard university",,,0,1,3,0
"robert","allen","naify",2003,"non-financial","high school",,,0,0,1,0
"dwight","d","opperman",2003,"non-financial","",,,0,0,4,0
"barbara","carlson","gage",2003,"non-financial","northwestern university",,,0,0,3,0
"charles","bartlett","johnson",2003,"asset management","yale university",,,0,1,3,0
"meg","","whitman",2003," non-financial","princeton university",186131,,1,0,3,0
"oprah","","winfrey",2003," non-financial","tennessee state university",,,0,0,1,0
"scott","d","cook",2003," non-financial","university of southern california",,,1,0,3,0
"leslie","herbert","wexner",2003," non-financial","ohio state university",,,0,0,2,0
"dean","v","white",2003,"non-financial","",,,0,0,4,0
"william","s","kellogg",2003,"non-financial","high school",,,0,0,1,0
"w","duncan","macmillan",2003," non-financial","brown university",217156,,0,0,3,0
"stephen","davison","bechtel",2003," non-financial","purdue university",110404,,0,0,2,0
"patrick","f","taylor",2003,"non-financial","louisiana state university",,,0,0,1,0
"bobby","ray","johnson",2003,"non-financial","",,,0,0,4,0
"carl","henry","lindner",2003,"commercial banking","high school",,,0,1,1,0
"phoebe","hearst","cooke",2003," non-financial","",,,0,0,4,0
"maggie","hardy","magerko",2003,"non-financial","",,,0,0,4,0
"henry","t","nicholas",2003," non-financial","university of california los angeles",,,1,0,2,0
"norma","","lerner",2003,"non-financial","",,,0,0,4,0
"richard","j","egan",2003,"non-financial","northeastern university",167358,,0,0,3,0
"winthrop","paul","rockefeller",2003," non-financial","texas christian university",,,0,0,1,0
"randolph","d","lerner",2003,"non-financial","columbia university",,,0,0,3,0
"doris","feigenbaum","fisher",2003," non-financial","stanford university",,,0,0,3,0
"leonard","alan","lauder",2003," non-financial","university of pennsylvania",215062,,0,0,3,0
"john","e","abele",2003,"non-financial","amherst college",,,0,0,1,0
"oakleigh","blakeman","thorne",2003," non-financial","harvard university",,,0,0,3,0
"john","werner","kluge",2003," non-financial","columbia university",,,0,0,3,0
"robert","l","johnson",2003,"non-financial","university of illinois",162928,166683,0,0,2,0
"philip","h","knight",2003," non-financial","university of oregon",,,0,0,1,0
"frederick","a","krehbiel",2003,"non-financial","georgetown university",,,1,0,3,0
"alexander","gus","spanos",2003," non-financial","university of the pacific",,,0,0,1,0
"clayton","lee","mathile",2003," non-financial","ohio northern university",,,0,0,1,0
"pat","a","stryker",2003," non-financial","",,,0,0,4,0
"tom","t","gores",2003,"private equity","michigan state university",,,0,0,2,1
"christel","","dehaan",2003,"non-financial","high school",,,0,0,1,0
"anne","cox","chambers",2003," non-financial","finch college",,,0,0,1,0
"robert","c","mcnair",2003," non-financial","university of southern california",,,0,0,3,0
"john","hammond","krehbiel",2003,"non-financial","lake forest college",,,1,0,1,0
"sanford","","weill",2003,"investment banking","cornell university",,,0,1,3,0
"william","","morean",2003,"non-financial","",,,0,0,4,0
"sarah","turner","butler",2003,"non-financial","",,,0,0,4,0
"louis","v","gerstner",2003,"non-financial","dartmouth college",,,1,0,3,0
"todd","r","wagner",2003,"non-financial","indiana university bloomington",,,0,0,2,0
"john","w","brown",2003," non-financial","auburn university",,,0,0,1,0
"michael","robert","milken",2003,"private equity","university of california berkeley",,,0,0,2,1
"samuel","irving","newhouse",2003," non-financial","high school",,,0,0,1,0
"ernest","","gallo",2003," non-financial","",,,0,0,4,0
"kenny","a","troutt",2003,"non-financial","southern illinois university",,,1,0,1,0
"jim","c","walton",2003," non-financial","university of arkansas",,,0,0,1,0
"edward","p","roski",2003," non-financial","university of southern california",123961,,0,0,3,0
"sidney","","kimmel",2003,"non-financial","",,,0,0,4,0
"arthur","j","rock",2003,"venture capital","syracuse university",110404,,0,0,1,1
"sumner","m","redstone",2003," non-financial","harvard university",,,0,0,3,0
"steven","paul","jobs",2003," non-financial","",,,1,0,4,0
"david","","green",2003," non-financial","high school",,,0,0,1,0
"melvin","","simon",2003," non-financial","city college of new york",,,0,0,3,0
"barbara","piasecka","johnson",2003,"non-financial","",,,0,0,4,0
"stephen","j","bisciotti",2003," non-financial","salisbury state university",,,0,0,1,0
"andrew","jerrold","perenchio",2003,"non-financial","university of california los angeles",,,0,0,2,0
"marcy","","carsey",2003,"non-financial","university of new hampshire",,,0,0,1,0
"peter","r","kellogg",2003,"investment banking","",,,0,1,4,0
"robert","earl","holding",2003,"non-financial","university of utah",,,0,0,2,0
"jeremy","maurice","jacobs",2003," non-financial","state university of new york buffalo",,,0,0,3,0
"frank","sr","batten",2003," non-financial","university of virginia",,,0,0,2,0
"thomas","john","flatley",2003,"non-financial","",164924,,0,0,4,0
"whitney","","macmillan",2003," non-financial","yale university",,,0,0,3,0
"richard","t","farmer",2003,"non-financial","miami university",,,0,0,1,0
"leona","","helmsley",2003,"non-financial","high school",,,0,0,1,0
"joyce","raley","teel",2003,"non-financial","",,,0,0,4,0
"harold","","honickman",2003,"non-financial","",,,0,0,4,0
"barbara","hall","marshall",2003,"non-financial","university of kansas",,,0,0,1,0
"neil","gary","bluhm",2003," non-financial","university of illinois urbana-champaign",147767,,0,0,2,0
"richard","g","haworth",2003,"non-financial","western michigan university",,,0,0,1,0
"thomas","f","frist",2003," non-financial","vanderbilt university",,,0,0,3,0
"john","richard","simplot",2003," non-financial","high school",,,0,0,1,0
"john","edward","anderson",2003,"non-financial","university of california los angeles",,,0,0,2,0
"ken","","griffin",2003,"hedge funds","harvard university",144050,,0,0,3,1
"ronald","","burkle",2003,"non-financial","",,,0,0,4,0
"george","jr","strawbridge",2003,"non-financial","trinity college",,,0,0,1,0
"jeffrey","","katzenberg",2003,"non-financial","high school",,,0,0,1,0
"peter","","sperling",2003,"private equity","university of california santa barbara",,,0,0,2,1
"theodore","w","waitt",2003,"non-financial","",,,0,0,4,0
"lynne","","pasculano",2003,"non-financial","",,,0,0,4,0
"thomas","m","siebel",2003," non-financial","university of illinois urbana-champaign",,,1,0,2,0
"j","joe","ricketts",2003,"investment banking","creighton university",,,0,1,1,0
"robert","addison","day",2003,"asset management","claremont mckenna college",112260,,0,1,1,0
"haim","","saban",2003," non-financial","high school",110635,,0,0,1,0
"donald","j","schneider",2003,"non-financial","st. norbert college",,,0,0,1,0
"marvin","j","herb",2003,"non-financial","state university of new york buffalo",,,0,0,3,0
"lowell","jay","milken",2003,"private equity","university of california berkeley",,,0,0,2,1
"alan","i","casden",2003,"non-financial","university of southern california",123961,,0,0,3,0
"henry","r","kravis",2003,"private equity","claremont mckenna college",112260,,0,0,1,1
"charlotte","colket","weber",2003,"non-financial","university of paris",,,0,0,1,0
"riley","p","bechtel",2003," non-financial","university of california davis",,,0,0,2,0
"charles","de","koch",2003," non-financial","massachusetts institute of technology",,,0,0,3,0
"norman","","hascoe",2003,"asset management","university of connecticut",,,0,1,1,0
"kenneth","","feld",2003," non-financial","boston university",164988,,0,0,3,0
"mary","alice","malone",2003," non-financial","university of arizona",,,0,0,2,0
"thomas","","marsico",2003,"asset management","university of colorado",,,0,1,1,0
"alice","l","walton",2003," non-financial","trinity university",,,0,0,1,0
"michael","","krasny",2003,"non-financial","university of illinois urbana-champaign",,,0,0,2,0
"malcolm","iii","chace",2003,"asset management","yale university",,,0,1,3,0
"donald","edward","newhouse",2003," non-financial","",,,0,0,4,0
"ernest","e","stempel",2003,"insurance","manhattan college",,,0,1,1,0
"william","e","connor",2003,"non-financial","stanford university",,,0,0,3,0
"jacqueline","","mars",2003," non-financial","bryn mawr college",,,0,0,1,0
"jesse","mack","robinson",2003,"commerical banking","high school",139658,,0,1,1,0
"gary","campbell","comer",2003,"non-financial","high school",,,0,0,1,0
"jack","","nash",2003,"hedge funds","city college of new york",,,0,0,3,1
"preston","robert","tisch",2003," non-financial","university of michigan",193900,,0,0,2,0
"malcolm","","glazer",2003,"non-financial","",,,0,0,4,0
"richard","taylor","peery",2003," non-financial","brigham young university",,,0,0,1,0
"steven","anthony","ballmer",2003,"non-financial","harvard university",,,1,0,3,0
"s","daniel","abraham",2003," non-financial","high school",,,0,0,1,0
"rupert","harris","johnson",2003,"asset management","washington and lee university",,,0,1,1,0
"john","hugh","macmillan",2003," non-financial","university of minnesota",,,0,0,2,0
"marvin","l","oates",2003,"non-financial","",,,0,0,4,0
"amar","gopal","bose",2003,"non-financial","massachusetts institute of technology",,,0,0,3,0
"ted","","turner",2003," non-financial","brown university",,,0,0,3,0
"leslie","l","gonda",2003,"non-financial","university of magyarovar",,,0,0,1,0
"amos","barr","hostetter",2003," non-financial","amherst college",164465,,0,0,1,0
"henry","lea","hillman",2003,"private equity","princeton university",,,0,0,3,1
"pierre","m","omidyar",2003," non-financial","tufts university",168148,,1,0,3,0
"david","whitmire","hearst",2003," non-financial","",,,0,0,4,0
"steven","","udvar-hazy",2003," non-financial","university of california los angeles",,,0,0,2,0
"blase","thomas","golisano",2003,"non-financial","alfred state, the state university of new york",,,0,0,3,0
"charles","francis","dolan",2003," non-financial","",,,0,0,4,0
"philip","f","anschutz",2003,"non-financial","university of kansas",,,1,0,1,0
"louis","l","gonda",2003,"non-financial","university of california los angeles",,,0,0,2,0
"robert","muse","bass",2003,"venture capital","yale university",243744,,0,0,3,1
"robert","david","ziff",2003,"hedge funds","harvard university",,,0,0,3,1
"james","r","cargill",2003," non-financial","",,,0,0,4,0
"sid","richardson","bass",2003," non-financial","yale university",130794,,0,0,3,0
"craig","o","mccaw",2003,"non-financial","stanford university",,,1,0,3,0
"robert","alan","pritzker",2003," non-financial","illinois institute of technology",,,0,0,1,0
"james","levoy","sorenson",2003,"non-financial","high school",,,0,0,1,0
"samuel","curtis","johnson",2003," non-financial","cornell university",,,0,0,3,0
"fayez","shalaby","sarofim",2003,"asset management","university of california berkeley",,,0,1,2,0
"steven","allen","spielberg",2003," non-financial","california state university long beach",123961,,0,0,1,0
"alfred","","mann",2003,"non-financial","university of california los angeles",,,1,0,2,0
"marguerite","","harbert",2003,"non-financial","birmingham–southern college",,,0,0,1,0
"michael","rubens","bloomberg",2003," non-financial","johns hopkins university",,,0,0,3,0
"laurence","a","tisch",2003," non-financial","new york university",193900,,0,0,3,0
"keith","rupert","murdoch",2003,"non-financial","oxford university",,,0,0,1,0
"herbert","anthony","allen",2003,"investment banking","williams college",,,0,1,1,0
"brian","l","roberts",2003,"non-financial","university of pennsylvania",,,0,0,3,0
"claire","eugenia","perry",2003,"non-financial","georgetown university",,,0,0,3,0
"stephen","m","case",2003,"non-financial","williams college",190150,,0,0,1,0
"mortimer","benjamin","zuckerman",2003," non-financial","mcgill university",193900,,0,0,1,0
"carl","edwin","berg",2003,"non-financial","university of new mexico",,,0,0,1,0
"guilford","","glazer",2003,"non-financial","",,,0,0,4,0
"christopher","","goldsbury",2003,"non-financial","trinity university",,,0,0,1,0
"thomas","o","hicks",2003,"private equity","university of texas",,,0,0,2,1
"john","","henry",2017," non-financial","",,,0,0,4,0
"christy","","walton",2017," non-financial","",,,0,0,4,0
"rupert","","murdoch",2017," non-financial","oxford university",,,0,0,1,0
"carl","","cook",2017," non-financial","purdue university",,,0,0,2,0
"diane","","hendricks",2017," non-financial","high school",,,0,0,1,0
"jorge","","perez",2017," non-financial","long island university",,,0,0,1,0
"bubba","","cathy",2017," non-financial","samford university",,,0,0,1,0
"douglas","","leone",2017,"venture capital","cornell university",,,0,0,3,1
"archie","aldis","emmerson",2017," non-financial","",,,0,0,4,0
"rick","","caruso",2017," non-financial","university of southern california",123961,,0,0,3,0
"john","paul","dejoria",2017," non-financial","high school",,,0,0,1,0
"rodger","","riney",2017,"investment banking","university of missouri",,,0,1,1,0
"daniel","","pritzker",2017," non-financial","tufts university",,,0,0,3,0
"ted","","turner",2017," non-financial","brown university",,,0,0,3,0
"herbert","","simon",2017," non-financial","city college of new york",236948,,0,0,3,0
"tom","","gores",2017,"private equity","michigan state university",,,0,0,2,1
"stephen","","schwarzman",2017,"private equity","yale university",,,0,0,3,1
"dowon & jin sook ","","chang",2017," non-financial","high school",,,0,0,1,0
"julian","h","robertson",2017,"hedge funds","university of north carolina",,,0,0,2,1
"reed","","hastings",2017," non-financial","bowdoin college",,,0,0,1,0
"judy","","faulkner",2017," non-financial","dickinson college",,,1,0,1,0
"tilman","","fertitta",2017," non-financial","",,,0,0,4,0
"jimmy","","haslam",2017," non-financial","university of tennessee knoxville",,,0,0,1,0
"steve","","cohen",2017,"hedge funds","university of pennsylvania",193900,,0,0,3,1
"anita","","zucker",2017," non-financial","university of florida",134130,,0,0,1,0
"dustin","","moskovitz",2017," non-financial","harvard university",,,1,0,3,0
"jan","","koum",2017," non-financial","",,,1,0,4,0
"h","wayne","huizenga",2017,"other financial","",,,0,1,4,0
"henry","","nicholas",2017," non-financial","university of california los angeles",,,1,0,2,0
"harry","","stine",2017," non-financial","mcpherson college",,,0,0,1,0
"tom","","golisano",2017," non-financial","alfred state, the state university of new york",,,0,0,3,0
"jeffrey","","lurie",2017," non-financial","clark university",,,0,0,1,0
"george","","soros",2017,"hedge funds","london school of economics",,,0,0,1,1
"john","","arrillaga",2017," non-financial","stanford university",,,0,0,3,0
"donald","edward","newhouse",2017," non-financial","",,,0,0,4,0
"alexander","gus","spanos",2017," non-financial","university of the pacific",,,0,0,1,0
"ted","","lerner",2017," non-financial","george washington university",,,0,0,3,0
"marijke","","mars",2017," non-financial","duke university",,,0,0,3,0
"stewart","","rahr",2017," non-financial","new york university",,,0,0,3,0
"amy","","goldmanfowler",2017," non-financial","barnard college",,,0,0,1,0
"gwendolyn","sontheim","meyer",2017," non-financial","san diego state university",,,0,0,1,0
"richard","","sands",2017," non-financial","university of vermont",195030,,0,0,1,0
"stanley","","kroenke",2017," non-financial","university of missouri",,,0,0,1,0
"ira","","rennert",2017,"other financial","brooklyn college",,,0,1,1,0
"jack","","dorsey",2017," non-financial","",,,1,0,4,0
"amos","barr","hostetter",2017," non-financial","amherst college",164465,,0,0,1,0
"charles","de","koch",2017," non-financial","massachusetts institute of technology",,,0,0,3,0
"james","r","cargill",2017," non-financial","",,,0,0,4,0
"michael","","moritz",2017,"venture capital","oxford university",,,0,0,1,1
"mark","","walter",2017,"asset management","creighton university",147767,,0,1,1,0
"jay","robert","pritzker",2017,"private equity","duke university",147767,,0,0,3,1
"jeff","","sutton",2017," non-financial","university of pennsylvania",,,0,0,3,0
"peter","","thiel",2017,"venture capital","stanford university",,,0,0,3,1
"dan","","snyder",2017," non-financial","",,,0,0,4,0
"paul","tudor","jones",2017,"hedge funds","university of virginia",,,0,0,2,1
"isaac","","perlmutter",2017," non-financial","high school",,,0,0,1,0
"neil","","bluhm",2017," non-financial","university of illinois urbana-champaign",147767,,0,0,2,0
"richard","taylor","peery",2017," non-financial","brigham young university",,,0,0,1,0
"julio","mario","santodomingo",2017," non-financial","boston university",,,0,0,3,0
"sam","","zell",2017," non-financial","university of michigan",,,0,0,2,0
"george","","lucas",2017," non-financial","university of southern california",,,0,0,3,0
"michael","","dell",2017," non-financial","",,,1,0,4,0
"robert","","sands",2017," non-financial","skidmore college",,,0,0,1,0
"len","","blavatnik",2017," non-financial","moscow state university",,,0,0,1,0
"abigail","","johnson",2017,"asset management","hobart and william smith",166683,,0,1,1,0
"thomas","j","pritzker",2017,"other financial","claremont mckenna college",144050,,0,1,1,0
"george","","roberts",2017,"private equity","claremont mckenna college",112260,,0,0,1,1
"scott","d","cook",2017," non-financial","university of southern california",,,1,0,3,0
"bill","","gates",2017," non-financial","",,,1,0,4,0
"s","daniel","abraham",2017," non-financial","high school",,,0,0,1,0
"pierre","m","omidyar",2017," non-financial","tufts university",168148,,1,0,3,0
"robert","","rich",2017," non-financial","williams college",,,0,0,1,0
"jon","lloyd","stryker",2017," non-financial","kalamazoo college",,,0,0,1,0
"bill","","gross",2017,"asset management","duke university",110404,,0,1,3,0
"noam","","gottesman",2017,"hedge funds","columbia university",190150,,0,0,3,1
"don","","vultaggio",2017," non-financial","high school",,,0,0,1,0
"daniel","","loeb",2017,"hedge funds","columbia university",,,0,0,3,1
"william","jr","wrigley",2017," non-financial","duke university",147767,,0,0,3,0
"phillip","","ruffin",2017," non-financial","",,,0,0,4,0
"bobby","","murphy",2017," non-financial","stanford university",,,1,0,3,0
"brian","","chesky",2017," non-financial","rhode island school of design",,,1,0,1,0
"tom","","benson",2017," non-financial","loyola university new orleans",,,0,0,1,0
"randal","","kirk",2017," non-financial","radford university",,,0,0,1,0
"j","christopher","reyes",2017," non-financial","university of maryland college park",152080,,0,0,2,0
"robert","","ziff",2017,"hedge funds","harvard university",,,0,0,3,1
"john","c","malone",2017," non-financial","yale university",,,0,0,3,0
"rocco","","commisso",2017," non-financial","columbia university",,,0,0,3,0
"jim","","breyer",2017,"venture capital","stanford university",166027,,0,0,3,1
"jane","","goldman",2017," non-financial","manhattanville college",,,0,0,1,0
"bert","","beveridge",2017," non-financial","university of texas austin",,,0,0,2,0
"herbert","","kohler",2017," non-financial","yale university",,,0,0,3,0
"bradley","wayne","hughes",2017," non-financial","university of southern california",,,0,0,3,0
"alice","l","walton",2017," non-financial","trinity university",,,0,0,1,0
"larry","","page",2017," non-financial","university of michigan",,,1,0,2,0
"elizabeth","","johnson",2017,"other financial","franklin pierce university",,,0,1,1,0
"alejandro","","santodomingo",2017," non-financial","harvard university",,,0,0,3,0
"daniel","","och",2017,"hedge funds","university of pennsylvania",215062,,0,0,3,1
"robert","","smith",2017,"private equity","cornell university",,,0,0,3,1
"stephen","","bechtel",2017," non-financial","purdue university",110404,,0,0,2,0
"charles","r","schwab",2017,"investment banking","stanford university",243744,,0,1,3,0
"john","","paulson",2017,"hedge funds","new york university",193900,,0,0,3,1
"philip","h","knight",2017," non-financial","university of oregon",,,0,0,1,0
"jim","","davis",2017," non-financial","middlebury college",,,0,0,1,0
"marianne","","liebmann",2017," non-financial","montana state university",,,0,0,1,0
"david","","green",2017," non-financial","high school",,,0,0,1,0
"glenn","","dubin",2017,"hedge funds","stony brook university",,,0,0,2,1
"leonard","norman","stern",2017," non-financial","new york university",193900,,0,0,3,0
"paul","","singer",2017,"hedge funds","university of rochester",,,0,0,3,1
"joe","","gebbia",2017," non-financial","rhode island school of design",,,1,0,1,0
"mark","","shoen",2017," non-financial","college of the holy cross",,,0,0,1,0
"robert","","bass",2017,"venture capital","yale university",243744,,0,0,3,1
"david","","tepper",2017,"hedge funds","university of pittsburgh",211440,,0,0,1,1
"marian","","ilitch",2017," non-financial","high school",,,0,0,1,0
"john","","catsimatidis",2017," non-financial","",,,0,0,4,0
"milane","","frantz",2017," non-financial","",,,0,0,4,0
"steven","","rales",2017," non-financial","depauw university",,,0,0,1,0
"henry","ross","perot",2017," non-financial","united states naval academy",,,0,0,1,0
"william","","conway",2017,"private equity","dartmouth college",,,0,0,3,1
"winifred","","johnson-marquart",2017," non-financial","",,,0,0,4,0
"mortimer","","zuckerman",2017," non-financial","mcgill university",193900,,0,0,1,0
"john","","pritzker",2017,"other financial","menlo college",,,0,1,1,0
"meg","","whitman",2017," non-financial","princeton university",186131,,1,0,3,0
"shahid","","khan",2017," non-financial","university of illinois urbana-champaign",,,0,0,2,0
"katharine","","rayner",2017," non-financial","",,,0,0,4,0
"jeffery","","hildebrand",2017," non-financial","university of texas austin",228778,,0,0,2,0
"gordon","peter","getty",2017," non-financial","san francisco conservatory of music",,,0,0,1,0
"bill","","haslam",2017," non-financial","emory university",221759,,0,0,3,0
"h","ross","perotjr",2017," non-financial","vanderbilt university",221999,,0,0,3,0
"carl","","icahn",2017,"private equity","princeton university",,,0,0,3,1
"henry","","samueli",2017," non-financial","university of california los angeles",,,1,0,2,0
"vinod","","khosla",2017,"venture capital","indian institute of technology",,,0,0,1,1
"sheldon","henry","solow",2017," non-financial","",193900,,0,0,4,0
"marc","","rowan",2017,"private equity","university of pennsylvania",215062,,0,0,3,1
"randa","","williams",2017," non-financial","rice university",227757,,0,0,3,0
"kelcy","","warren",2017," non-financial","university of texas arlington",,,0,0,2,0
"frederick","wallace","smith",2017," non-financial","yale university",,,0,0,3,0
"james","","simons",2017,"hedge funds","massachusetts institute of technology",,,0,0,3,1
"jim","","davisjr",2017," non-financial","villanova university",,,0,0,1,0
"ralph","","lauren",2017," non-financial","",,,0,0,4,0
"peter","","buck",2017," non-financial","bowdoin college",,,0,0,1,0
"elaine","","wynn",2017," non-financial","george washington university",,,0,0,3,0
"sid","","bass",2017,"venture capital","yale university",130794,,0,0,3,1
"john","","arnold",2017,"hedge funds","vanderbilt university",,,0,0,3,1
"richard","","lefrak",2017," non-financial","amherst college",,,0,0,1,0
"sumner","m","redstone",2017," non-financial","harvard university",,,0,0,3,0
"james","","irsay",2017," non-financial","southern methodist university",,,0,0,1,0
"richard","","devos",2017," non-financial","calvin college",121345,,0,0,1,0
"paul","gardner","allen",2017," non-financial","",,,1,0,4,0
"william","","young",2017," non-financial","university of detroit mercy",,,0,0,1,0
"charles","","simonyi",2017," non-financial","university of california berkeley",,,1,0,2,0
"david","","geffen",2017," non-financial","",,,0,0,4,0
"diane","","kemper",2017," non-financial","",,,0,0,4,0
"joan","","tisch",2017,"other financial","university of michigan",,,0,1,2,0
"philip","","anschutz",2017,"venture capital","university of kansas",,,0,0,1,1
"frank","","vandersloot",2017," non-financial","brigham young university",,,0,0,1,0
"valerie","","mars",2017," non-financial","yale university",,,0,0,3,0
"jeffrey","","skoll",2017," non-financial","university of toronto",,,1,0,1,0
"ray","","davis",2017," non-financial","",,,0,0,4,0
"nancy","walton","laurie",2017," non-financial","university of memphis",,,0,0,1,0
"gerald","","ford",2017,"investment banking","southern methodist university",,,0,1,1,0
"david","","bonderman",2017,"private equity","university of washington",,,0,0,2,1
"kenneth","","feld",2017," non-financial","boston university",164988,,0,0,3,0
"david","","siegel",2017,"hedge funds","",,,0,0,4,1
"rishi","","shah",2017," non-financial","northwestern university",,,1,0,3,0
"john","","sall",2017," non-financial","beloit college",,,1,0,1,0
"robert","c","mcnair",2017," non-financial","university of southern california",,,0,0,3,0
"margaretta","","taylor",2017," non-financial","",,,0,0,4,0
"brad","","kelley",2017," non-financial","",,,0,0,4,0
"david","","sun",2017," non-financial","tatung university",,,1,0,1,0
"sean","","parker",2017," non-financial","high school",,,1,0,1,0
"c","dean","metropoulos",2017," non-financial","babson college",,,0,0,1,0
"eric","","schmidt",2017," non-financial","princeton university",,,1,0,3,0
"jay","","paul",2017," non-financial","boston university",,,0,0,3,0
"terrence","","pegula",2017," non-financial","pennsylvania state university",,,0,0,2,0
"mark","","stevens",2017,"venture capital","university of southern california",123961,,0,0,3,1
"trevor","","rees-jones",2017," non-financial","dartmouth college",,,0,0,3,0
"ken","","griffin",2017,"hedge funds","harvard university",144050,,0,0,3,1
"riley","","bechtel",2017," non-financial","university of california davis",,,0,0,2,0
"jeff","","rothschild",2017," non-financial","vanderbilt university",221999,,1,0,3,0
"david","","filo",2017," non-financial","tulane university",,,1,0,1,0
"laurene","powell","jobs",2017," non-financial","stanford university",243744,,1,0,3,0
"john","","tyson",2017," non-financial","southern methodist university",,,0,0,1,0
"steve","","ballmer",2017," non-financial","harvard university",,,1,0,3,0
"gabe","","newell",2017," non-financial","",,,0,0,4,0
"mark","","cuban",2017," non-financial","indiana university bloomington",,,0,0,2,0
"donald","","sterling",2017," non-financial","california state university los angeles",,,0,0,1,0
"gary","","rollins",2017," non-financial","university of tennessee chattanooga",,,0,0,1,0
"chase","","coleman",2017,"hedge funds","williams college",,,0,0,1,1
"edward","crosby","johnson",2017,"other financial","northeastern university",,,0,1,3,0
"james","","coulter",2017,"private equity","dartmouth college",182670,,0,0,3,1
"phillip","","frost",2017," non-financial","university of pennsylvania",,,0,0,3,0
"glen","","taylor",2017," non-financial","minnesota state university",,,0,0,1,0
"blair","","parry-okeden",2017," non-financial","university of denver",,,0,0,1,0
"howard","","marks",2017,"private equity","university of pennsylvania",,,0,0,3,1
"david","","duffield",2017," non-financial","cornell university",,,1,0,3,0
"bob","","parsons",2017," non-financial","university of baltimore",,,1,0,1,0
"ben","","ashkenazy",2017," non-financial","",,,0,0,4,0
"eric","","smidt",2017," non-financial","high school",,,0,0,1,0
"oprah","","winfrey",2017," non-financial","tennessee state university",,,0,0,1,0
"sergey","","brin",2017," non-financial","university of maryland college park",,,1,0,2,0
"ronald","steven","lauder",2017," non-financial","university of pennsylvania",,,0,0,3,0
"robert","","pera",2017," non-financial","university of california san diego",,,1,0,2,0
"penny","","pritzker",2017,"other financial","harvard university",,,0,1,3,0
"s","curtis","johnson",2017," non-financial","cornell university",,,0,0,3,0
"ken","","fisher",2017,"asset management","humboldt state university",,,0,1,1,0
"david","","shaw",2017,"hedge funds","university of california san diego",,,0,0,2,1
"bennett","","dorrance",2017," non-financial","university of arizona",,,0,0,2,0
"kieu","","hoang",2017," non-financial","university of california santa barbara",,,0,0,2,0
"jean","","pritzker",2017," non-financial","stanford university",,,0,0,3,0
"joseph","","grendys",2017," non-financial","loyola university",,,0,0,1,0
"mark","","zuckerberg",2017," non-financial","harvard university",,,1,0,3,0
"stanley","","druckenmiller",2017,"hedge funds","bowdoin college",,,0,0,1,1
"edward","p","roski",2017," non-financial","university of southern california",123961,,0,0,3,0
"jude","","reyes",2017," non-financial","wofford college",147767,,0,0,1,0
"lee","","bass",2017,"venture capital","yale university",221999,,0,0,3,1
"alec","","gores",2017,"private equity","western michigan university",,,0,0,1,1
"stephen","","bisciotti",2017," non-financial","salisbury state university",,,0,0,1,0
"james","","jannard",2017," non-financial","",,,0,0,4,0
"patrick","","ryan",2017,"other financial","northwestern university",147767,,0,1,3,0
"johnelle","","hunt",2017," non-financial","",,,0,0,4,0
"jeffrey","","lorberbaum",2017," non-financial","university of denver",,,0,0,1,0
"victoria","","mars",2017," non-financial","yale university",,,0,0,3,0
"ron","","baron",2017,"asset management","bucknell university",,,0,1,1,0
"robert","","rowling",2017," non-financial","university of texas austin",,,0,0,2,0
"warren","","buffett",2017,"other financial","university of nebraska",,,0,1,1,0
"andres","","santodomingo",2017," non-financial","brown university",,,0,0,3,0
"arturo","","moreno",2017," non-financial","university of arizona",,,0,0,2,0
"jon","","yarbrough",2017," non-financial","tennessee technological university",,,0,0,1,0
"john","","middleton",2017," non-financial","amherst college",,,0,0,1,0
"dan","","cathy",2017," non-financial","georgia southern university",,,0,0,2,0
"david","","gottesman",2017,"other financial","trinity college",,,0,1,1,0
"bruce","","halle",2017," non-financial","eastern michigan university",,,0,0,1,0
"bernard","","marcus",2017," non-financial","rutgers university",,,0,0,2,0
"frank","","fertitta",2017," non-financial","university of southern california",123961,,0,0,3,0
"rakesh","","gangwal",2017," non-financial","indian institute of technology",,,0,0,1,0
"israel","","englander",2017,"hedge funds","new york university",,,0,0,3,1
"helen","","johnson-leipold",2017," non-financial","cornell university",,,0,0,3,0
"david","","walentas",2017," non-financial","university of virginia",,,0,0,2,0
"leonard","alan","lauder",2017," non-financial","university of pennsylvania",215062,,0,0,3,0
"daniel","","ziff",2017,"hedge funds","columbia university",,,0,0,3,1
"igor","","olenicoff",2017," non-financial","university of southern california",,,0,0,3,0
"doris","","fisher",2017," non-financial","stanford university",,,0,0,3,0
"jeff","","bezos",2017," non-financial","princeton university",,,1,0,3,0
"robert","","kraft",2017," non-financial","columbia university",,,0,0,3,0
"jerry","","speyer",2017," non-financial","columbia university",,,0,0,3,0
"osman","","kibar",2017," non-financial","california institute of technology",,,0,0,3,0
"james","","goodnight",2017," non-financial","north carolina state university",,,1,0,1,0
"ray","lee","hunt",2017," non-financial","southern methodist university",,,0,0,1,0
"mary","alice","malone",2017," non-financial","university of arizona",,,0,0,2,0
"patrick","","soon-shiong",2017," non-financial","university of witwatersrand",,,0,0,1,0
"joshua","","harris",2017,"private equity","university of pennsylvania",,,0,0,3,1
"hank& doug","","meijer",2017," non-financial","university of michigan",,,0,0,2,0
"steve","","wynn",2017," non-financial","university of pennsylvania",,,0,0,3,0
"s","robson","walton",2017," non-financial","university of arkansas",,,0,0,1,0
"stanley","","hubbard",2017," non-financial","university of minnesota",,,0,0,2,0
"leon","g","cooperman",2017,"hedge funds","hunter college",,,0,0,1,1
"dennis","","washington",2017," non-financial","high school",,,0,0,1,0
"warren","","stephens",2017,"investment banking","washington and lee university",,,0,1,1,0
"john","","overdeck",2017,"hedge funds","stanford university",,,0,0,3,1
"ronald","","wanek",2017," non-financial","high school",,,0,0,1,0
"steven","allen","spielberg",2017," non-financial","california state university long beach",123961,,0,0,1,0
"charles","","cohen",2017," non-financial","tufts university",,,0,0,3,0
"george","","argyros",2017," non-financial","chapman university",110404,,0,0,1,0
"jerry","","yang",2017," non-financial","stanford university",,,1,0,3,0
"j","joe","ricketts",2017,"investment banking","creighton university",,,0,1,1,0
"henry","r","kravis",2017,"private equity","claremont mckenna college",112260,,0,0,1,1
"john","","morris",2017," non-financial","drury university",,,0,0,1,0
"travis","","kalanick",2017," non-financial","",,,1,0,4,0
"john","","doerr",2017,"venture capital","rice university",,,0,0,3,1
"thomas","m","siebel",2017," non-financial","university of illinois urbana-champaign",,,1,0,2,0
"donald","j","trump",2017," non-financial","university of pennsylvania",,,0,0,3,0
"john","","brown",2017," non-financial","auburn university",,,0,0,1,0
"peter","r","kellogg",2017,"investment banking","",,,0,1,4,0
"jeremy","maurice","jacobs",2017," non-financial","state university of new york buffalo",,,0,0,3,0
"denise","","york",2017," non-financial","saint mary's college",,,0,0,1,0
"jacqueline","","mars",2017," non-financial","bryn mawr college",,,0,0,1,0
"jonathan","","gray",2017,"asset management","university of pennsylvania",,,0,1,3,0
"larry","","robbins",2017,"hedge funds","university of pennsylvania",,,0,0,3,1
"dagmar","","dolby",2017," non-financial","heidelberg university",,,1,0,1,0
"christopher","","cline",2017," non-financial","",,,0,0,4,0
"andrew& peggy","","cherng",2017," non-financial","oregon state university",110404,,0,0,1,0
"david","hamilton","koch",2017," non-financial","massachusetts institute of technology",162928,166683,0,0,3,0
"steven","","udvar-hazy",2017," non-financial","university of california los angeles",,,0,0,2,0
"elon","","musk",2017," non-financial","university of pennsylvania",,,0,0,3,0
"evan","","spiegel",2017," non-financial","stanford university",,,1,0,3,0
"daniel","","d'aniello",2017,"private equity","syracuse university",,,0,0,1,1
"richard","m","schulze",2017," non-financial","high school",,,0,0,1,0
"harold","","hamm",2017," non-financial","high school",,,0,0,1,0
"john","r","menard",2017," non-financial","university of wisconsin eau claire",,,0,0,2,0
"michael","robert","milken",2017,"private equity","university of california berkeley",,,0,0,2,1
"sheldon","","adelson",2017," non-financial","",,,0,0,4,0
"eli","","broad",2017,"other financial","michigan state university",110404,,0,1,2,0
"howard","","schultz",2017," non-financial","northern michigan university",,,0,0,1,0
"mitchell","","rales",2017," non-financial","miami university",,,0,0,1,0
"thomas","","secunda",2017," non-financial","binghamton university",,,0,0,1,0
"lukas","","walton",2017," non-financial","colorado college",,,0,0,1,0
"clayton","lee","mathile",2017," non-financial","ohio northern university",,,0,0,1,0
"edward","","johnsoniii",2017,"asset management","harvard university",,,0,1,3,0
"thomas","","frist",2017," non-financial","vanderbilt university",,,0,0,3,0
"anthony","","pritzker",2017," non-financial","dartmouth college",,,0,0,3,0
"scott","","duncan",2017," non-financial","houston community college",,,0,0,1,0
"george","b","kaiser",2017," non-financial","harvard university",,,0,0,3,0
"larry","","ellison",2017," non-financial","",,,1,0,4,0
"brian","","acton",2017," non-financial","stanford university",,,1,0,3,0
"gordon","earle","moore",2017," non-financial","university of california berkeley",110404,,1,0,2,0
"e","joe","shoen",2017," non-financial","college of the holy cross",,,0,0,1,0
"t","denny","sanford",2017,"commercial banking","university of minnesota",,,0,1,2,0
"jerry","w","jones",2017," non-financial","university of arkansas",,,0,0,1,0
"martha","","ingram",2017," non-financial","vassar college",221999,,0,0,1,0
"walter","jr","scott",2017," non-financial","colorado state university",,,0,0,1,0
"clifford","","asness",2017,"hedge funds","university of pennsylvania",,,0,0,3,1
"randall","","rollins",2017," non-financial","university of delaware",,,0,0,1,0
"charles","bartlett","johnson",2017,"asset management","yale university",,,0,1,3,0
"dannine","","avara",2017," non-financial","",,,0,0,4,0
"jen-hsun","","huang",2017," non-financial","oregon state university",,,1,0,1,0
"michael","","rubin",2017," non-financial","",,,0,0,4,0
"ty","","warner",2017," non-financial","kalamazoo college",,,0,0,1,0
"romesh","t","wadhwani",2017," non-financial","indian institute of technology",,,1,0,1,0
"jack& laura","","dangermond",2017," non-financial","california state polytechnic university pomona",,,1,0,1,0
"pat","a","stryker",2017," non-financial","",,,0,0,4,0
"leandro","p","rizzuto",2017," non-financial","",,,0,0,4,0
"andrew","","beal",2017,"commercial banking","michigan state university",,,0,1,2,0
"reinhold","","schmieding",2017," non-financial","florida gulf coast university",,,0,0,1,0
"edward","","debartolo",2017," non-financial","university of notre dame",,,0,0,3,0
"dirk","","ziff",2017,"hedge funds","columbia university",,,0,0,3,1
"arthur","","blank",2017," non-financial","babson college",139658,,0,0,1,0
"jim","","walton",2017," non-financial","university of arkansas",,,0,0,1,0
"norman","","braman",2017," non-financial","temple university",,,0,0,1,0
"barry","","diller",2017," non-financial","",193900,,0,0,4,0
"george","l","lindemann",2017,"other financial","university of pennsylvania",,,0,1,3,0
"william","herbert","hunt",2017," non-financial","washington and lee university",,,0,0,1,0
"david","","murdock",2017," non-financial","high school",,,0,0,1,0
"ann","walton","kroenke",2017," non-financial","lincoln university",,,0,0,1,0
"pauline","macmillan","keinath",2017," non-financial","high school",,,0,0,1,0
"micky","","arison",2017," non-financial","",,,0,0,4,0
"bernard","","saul",2017,"venture capital","villanova university",,,0,0,1,1
"leon","","black",2017,"private equity","dartmouth college",,,0,0,3,1
"john","franklyn","mars",2017," non-financial","yale university",,,0,0,3,0
"nathan","","blecharczyk",2017," non-financial","harvard university",,,1,0,3,0
"kavitark","ram","shriram",2017," non-financial","university of madras",243744,,1,0,1,0
"todd","","christopher",2017," non-financial","high school",,,0,0,1,0
"james","","leprino",2017," non-financial","high school",,,0,0,1,0
"eric","","lefkofsky",2017," non-financial","university of michigan",,,1,0,2,0
"donald","","bren",2017," non-financial","university of washington",110404,,0,0,2,0
"h","fisk","johnson",2017," non-financial","cornell university",,,0,0,3,0
"george","","bishop",2017," non-financial","",,,0,0,4,0
"charles","francis","dolan",2017," non-financial","",,,0,0,4,0
"ronda","e","stryker",2017," non-financial","university of northern colorado",,,0,0,1,0
"lorenzo","","fertitta",2017," non-financial","university of san diego",,,0,0,1,0
"michael","","bloomberg",2017," non-financial","johns hopkins university",,,0,0,3,0
"ronald","owen","perelman",2017,"private equity","university of pennsylvania",217156,,0,0,3,1
"lynn","","schusterman",2017," non-financial","",,,0,0,4,0
"joe","","mansueto",2017,"other financial","university of chicago",,,0,1,3,0
"kenneth","g","langone",2017,"venture capital","bucknell university",193900,,0,0,1,1
"russ","","weiner",2017," non-financial","san diego state university",,,0,0,1,0
"jane","","lauder",2017," non-financial","stanford university",,,0,0,3,0
"karen","","pritzker",2017," non-financial","northwestern university",,,0,0,3,0
"reid","","hoffman",2017," non-financial","stanford university",,,1,0,3,0
"whitney","","macmillan",2017," non-financial","yale university",,,0,0,3,0
"austen","","cargill",2017," non-financial","university of minnesota",,,0,0,2,0
"tom& judy","","love",2017," non-financial","university of central oklahoma",,,0,0,1,0
"alan","n","trefler",2017," non-financial","dartmouth college",,,1,0,3,0
"allan","","goldman",2017," non-financial","",,,0,0,4,0
"rupert","","johnson",2017,"asset management","washington and lee university",,,0,1,1,0
"edward","","bass",2017,"venture capital","yale university",130794,,0,0,3,1
"don","","hankey",2017,"commercial banking","university of southern california",,,0,1,3,0
"pamela","","mars",2017," non-financial","vassar college",,,0,0,1,0
"chuck","","bundrant",2017," non-financial","",,,0,0,4,0
"clemmie","dixon","spangler",2017,"other financial","university of north carolina",,,0,1,2,0
"bruce","","karsh",2017,"private equity","duke university",,,0,0,3,1
"daniel","","gilbert",2017,"other financial","michigan state university",,,0,1,2,0
"john","albert","sobrato",2017," non-financial","santa clara university",,,0,0,1,0
"stephen","","mandel",2017,"hedge funds","dartmouth college",,,0,0,3,1
"john","","fisher",2017," non-financial","princeton university",,,0,0,3,0
"drayton","","mclane",2017," non-financial","baylor university",,,0,0,1,0
"haim","","saban",2017," non-financial","high school",110635,,0,0,1,0
"jeff","","greene",2017," non-financial","johns hopkins university",,,0,0,3,0
"imogene","powers","johnson",2017," non-financial","cornell university",,,0,0,3,0
"bruce","","kovner",2017,"hedge funds","harvard university",,,0,0,3,1
"peter","","peterson",2017,"private equity","northwestern university",,,0,0,3,1
"thomas","haskell","lee",2017,"private equity","harvard university",165015,,0,0,3,1
"james","","clark",2017," non-financial","university of new orleans",,,1,0,1,0
"stephen","","ross",2017," non-financial","university of michigan",,,0,0,2,0
"marc","","benioff",2017," non-financial","university of southern california",123961,,1,0,3,0
"min","","kao",2017," non-financial","national taiwan university",,,1,0,1,0
"aerin","","lauderzinterhofer",2017," non-financial","university of pennsylvania",,,0,0,3,0
"richard","","kinder",2017," non-financial","university of missouri",,,0,0,1,0
"james","","chambers",2017," non-financial","bard college",,,0,0,1,0
"david","","rubenstein",2017,"private equity","duke university",144050,198419,0,0,3,1
"dan","","friedkin",2017," non-financial","georgetown university",,,0,0,3,0
"tamara","","gustavson",2017," non-financial","university of southern california",123961,,0,0,3,0
"stewartand lynda","","resnick",2017," non-financial","university of california los angeles",110404,,0,0,2,0
"david","","zalik",2017," non-financial","auburn university",,,1,0,1,0
"ray","","dalio",2017,"hedge funds","long island university",,,0,0,1,1
"john","","tu",2017," non-financial","technische hochschule darmstadt",,,1,0,1,0
"nick","","caporella",2017," non-financial","",,,0,0,4,0
"thomas","","peterffy",2017,"investment banking","",,,0,1,4,0
"charles","","ergen",2017," non-financial","university of tennessee knoxville",,,0,0,1,0
"leslie","herbert","wexner",2017," non-financial","ohio state university",,,0,0,2,0
"jim","","kennedy",2017," non-financial","university of denver",,,0,0,1,0
